age_td,policy,budget_pct,campaigns,initial_total_tqqq_target,CAGR_Median,CAGR_Min,MDD_Median,MDD_Worst,CAGR_Increment_Median,CAGR_Increment_Min,WinRate_vs_cash,Max_Total_TQQQ_Weight_Worst
505,HOLD100,0.1,3,0.1,0.032185372485014074,-0.014706755136328575,-0.08114781124184056,-0.36883695406255246,-0.008304802735189964,-0.09335840785351135,0.3333333333333333,0.6777703058010349
505,HOLD100,0.2,3,0.2,0.023733518939514697,-0.1034528898079694,-0.16337692231175838,-0.45079653659793173,-0.01675665628068934,-0.18210454252515218,0.3333333333333333,0.8255589827815367
505,HOLD100,0.3,3,0.3,0.015128031863631985,-0.18762857729353133,-0.23919257277555006,-0.48668180389233495,-0.025362143356572053,-0.2662802300107141,0.3333333333333333,0.8902669279963895
505,HOLD100,0.4,3,0.4,0.0063618459858734155,-0.26727710278580596,-0.30931692694304136,-0.5068200192747019,-0.03412832923433062,-0.34592875550298874,0.3333333333333333,0.9265799510260478
505,I25_N3_K2,0.1,3,0.025,0.037800806920631036,0.0034817503212294376,-0.004891516373059512,-0.010418613289281842,-0.0008046174293518948,-0.002689368299573003,0.3333333333333333,0.02603167975731486
505,I25_N3_K2,0.2,3,0.05,0.035096284086618024,0.002672807233451868,-0.012051462846775385,-0.02083566363749767,-0.0016135605171294642,-0.005393891133586015,0.3333333333333333,0.052008993163235165
505,I25_N3_K2,0.3,3,0.075,0.03237639468501885,0.0018594881791120788,-0.021795016257527666,-0.031230980995246016,-0.0024268795714692537,-0.008113780535185189,0.3333333333333333,0.07793211035374333
505,I25_N3_K2,0.4,3,0.1,0.02964092191448886,0.0010417419464068267,-0.0315249818111919,-0.041604633303642724,-0.0032446258041745057,-0.010849253305715179,0.3333333333333333,0.10380120075565549
505,I50_N3_K2,0.1,3,0.05,0.035096284086618024,0.002672807233451868,-0.012051462846775163,-0.02083566363749778,-0.0016135605171294642,-0.005393891133586015,0.3333333333333333,0.05200899316323517
505,I50_N3_K2,0.2,3,0.1,0.029640921914489082,0.0010417419464068267,-0.0315249818111919,-0.041604633303642946,-0.0032446258041745057,-0.010849253305714956,0.3333333333333333,0.10380120075565548
505,I50_N3_K2,0.3,3,0.15,0.024122334323779082,-0.0006072415524860375,-0.05110610761135026,-0.062287213123820906,-0.00489360930306737,-0.016367840896424957,0.3333333333333333,0.15537797537724823
505,I50_N3_K2,0.4,3,0.2,0.018538685749108996,-0.0022745718852084096,-0.07062832559424126,-0.08288394099538421,-0.006560939635789742,-0.021951489471095043,0.3333333333333333,0.206740658398904
505,L25_50_PB5_N3_K2,0.1,3,0.025,0.03628585936430939,0.0030481508098707533,-0.009871611255618862,-0.023254551036390403,-0.0012382169407105792,-0.004204315855894647,0.3333333333333333,0.058041045803301584
505,L25_50_PB5_N3_K2,0.2,3,0.05,0.032044333631590316,0.001799655640746911,-0.023484297681784283,-0.04622297559790478,-0.0024867121098344214,-0.008445841588613723,0.3333333333333333,0.11531810056735725
505,L25_50_PB5_N3_K2,0.3,3,0.075,0.027764776424761273,0.0005406970446977244,-0.03909853438131472,-0.068891044851766,-0.003745670705883608,-0.012725398795442766,0.3333333333333333,0.1718461502196752
505,L25_50_PB5_N3_K2,0.4,3,0.1,0.02344633684683428,-0.0007289153485539046,-0.054689213291380434,-0.09126461209156778,-0.005015283099135237,-0.017043838373369757,0.3333333333333333,0.2276397912954616
756,HOLD100,0.1,2,0.1,0.05600796076468317,0.032198073856472664,-0.21066376505793172,-0.34729833539406085,0.031150804032569313,-0.012633303751913294,0.5,0.638932089956904
756,HOLD100,0.2,2,0.2,0.07637536326945005,0.019381469233258786,-0.29228963077374076,-0.4362106408275246,0.051518206537336186,-0.025449908375127173,0.5,0.7992578454184533
756,HOLD100,0.3,2,0.3,0.09095625939324903,0.006373757471167085,-0.34644794094385933,-0.47666896739148734,0.06609910266113517,-0.03845762013721887,0.5,0.8722118841137102
756,HOLD100,0.4,2,0.4,0.10186038656237578,-0.006833431849328053,-0.38910825625453976,-0.49980027328850085,0.07700322983026192,-0.05166480945771401,0.5,0.9139220172012626
756,I25_N3_K2,0.1,2,0.025,0.028596139597843795,0.015160782065450462,-0.022185968227742048,-0.04061412751539262,0.003738982865729934,-0.0027998804781488307,0.5,0.10919473726559173
756,I25_N3_K2,0.2,2,0.05,0.03205164065007593,0.024880482552881666,-0.04220209894108923,-0.07481646643636952,0.007194483917962069,-0.005608578861115765,0.5,0.2010319973351729
756,I25_N3_K2,0.3,2,0.075,0.035254633705288474,0.034104064727614514,-0.06002441387411461,-0.10398233456931183,0.010397476973174613,-0.008426174925423524,0.5,0.2793457472535264
756,I25_N3_K2,0.4,2,0.1,0.03823108176056611,0.03357862796297684,-0.07603210564187207,-0.12914791007068582,0.01337392502845225,-0.011252749645409121,0.5,0.3469182459490154
756,I50_N3_K2,0.1,2,0.05,0.03205164065007604,0.02488048255288189,-0.04220209894108934,-0.07481646643636952,0.00719448391796218,-0.005608578861115765,0.5,0.20103199733517294
756,I50_N3_K2,0.2,2,0.1,0.03823108176056611,0.033578627962976615,-0.07603210564187196,-0.12914791007068582,0.01337392502845225,-0.011252749645409343,0.5,0.3469182459490155
756,I50_N3_K2,0.3,2,0.15,0.043589095101446595,0.02789821251754976,-0.10480282571556016,-0.1703731232205027,0.018731938369332735,-0.0169331650908362,0.5,0.457612740562705
756,I50_N3_K2,0.4,2,0.2,0.04826666320009243,0.022180879684392085,-0.13008918525955304,-0.20272404779397424,0.02340950646797857,-0.022650497923993873,0.5,0.544478737663364
756,L25_50_PB5_N3_K2,0.1,2,0.025,0.033303291132566026,0.02647035562557387,-0.044683578963490456,-0.07887506441508263,0.008446134400452165,-0.004695150968827777,0.5,0.21192980520001334
756,L25_50_PB5_N3_K2,0.2,2,0.05,0.040585366575113135,0.03541618076377895,-0.07993845198681016,-0.13492065215504878,0.015728209842999274,-0.00941519684460701,0.5,0.36241873020949716
756,L25_50_PB5_N3_K2,0.3,2,0.075,0.046941064255256015,0.03067085925943247,-0.10843745980044311,-0.17677507253250657,0.022083907523142154,-0.014160518348953488,0.5,0.4748027194491542
756,L25_50_PB5_N3_K2,0.4,2,0.1,0.05253990566784783,0.0258998717022616,-0.13224048749864303,-0.2092225865908699,0.02768274893573397,-0.018931505906124357,0.5,0.5619280705566978
879,HOLD100,0.1,2,0.1,0.06662550395478273,0.054929250474993196,-0.22227433646903483,-0.3335469236748282,0.04159134316282953,0.010060568372885381,1.0,0.6141356856594286
879,HOLD100,0.2,2,0.2,0.09858846990216874,0.06492567074936284,-0.3154406787542152,-0.4264791719649551,0.07355430911021554,0.020056988647255025,1.0,0.7817101607696785
879,HOLD100,0.3,2,0.3,0.12515299503025967,0.07485934664251803,-0.3748162054598844,-0.4698543030306147,0.10011883423830648,0.029990664540410217,1.0,0.8599237513682219
879,HOLD100,0.4,2,0.4,0.14821958934917034,0.08473163005616491,-0.41842807026275447,-0.49496818424662736,0.12318542855721715,0.03986294795405709,1.0,0.905208843897309
879,I25_N3_K2,0.1,2,0.025,0.030069701717625574,0.014818769769867401,-0.018465075790863705,-0.03693015158172741,0.005035540925672377,0.0004519515632759319,1.0,0.09930283318582214
879,I25_N3_K2,0.2,2,0.05,0.03487992282236996,0.02398739185786347,-0.034337995895240836,-0.06867599179048167,0.00984576203041676,0.0009037716847686283,1.0,0.18454410835459933
879,I25_N3_K2,0.3,2,0.075,0.03948674103121819,0.03274933946267833,-0.048111880874772694,-0.09622376174954539,0.01445258023926499,0.0013554604976502294,1.0,0.2585130763808152
879,I25_N3_K2,0.4,2,0.1,0.04390894548347468,0.041142190729980266,-0.0601772727313345,-0.120354545462669,0.018874784691521485,0.0018070181348612824,1.0,0.3233070387079287
879,I50_N3_K2,0.1,2,0.05,0.03487992282236996,0.02398739185786347,-0.034337995895240836,-0.06867599179048167,0.00984576203041676,0.0009037716847686283,1.0,0.1845441083545993
879,I50_N3_K2,0.2,2,0.1,0.04390894548347479,0.041142190729980266,-0.0601772727313345,-0.120354545462669,0.018874784691521596,0.0018070181348615044,1.0,0.32330703870792854
879,I50_N3_K2,0.3,2,0.15,0.05226235283590397,0.04757842251499178,-0.08031377878057433,-0.16062755756114866,0.027228192043950772,0.0027097404128839653,1.0,0.4314447626927954
879,I50_N3_K2,0.4,2,0.2,0.06004681945364532,0.04848062167987299,-0.09644780215694104,-0.19289560431388209,0.03501265866169212,0.0036119395777651775,1.0,0.5180882232004239
879,L25_50_PB5_N3_K2,0.1,2,0.025,0.036938780248095715,0.028556926830807683,-0.03977363924496663,-0.07954727848993326,0.011904619456142518,0.0004519515632759319,1.0,0.2137347782153725
879,L25_50_PB5_N3_K2,0.2,2,0.05,0.04761180099352258,0.045772453786876444,-0.06800464071577123,-0.13600928143154245,0.022577640201569382,0.0009037716847686283,1.0,0.3653418264987804
879,L25_50_PB5_N3_K2,0.3,2,0.075,0.05730649927017728,0.046224142599758045,-0.08907086376994178,-0.17814172753988355,0.03227233847822408,0.0013554604976502294,1.0,0.47847234717923104
879,L25_50_PB5_N3_K2,0.4,2,0.1,0.06620374859202038,0.0466757002369691,-0.10539270664216682,-0.21078541328433364,0.04116958780006719,0.0018070181348612824,1.0,0.5661244420920755
1009,HOLD100,0.1,2,0.1,0.05181709994793049,0.021552204047484924,-0.20204337072439738,-0.3272610903709544,0.027910508679633406,-0.02064517535226784,0.5,0.6028011356414549
1009,HOLD100,0.2,2,0.2,0.07014212988997559,0.000837382840992662,-0.2873950950022716,-0.42191630127587254,0.04623553862167851,-0.041359996558760104,0.5,0.7734824392328886
1009,HOLD100,0.3,2,0.3,0.08295572771157195,-0.019949012277236,-0.3441158049968012,-0.4666211649812847,0.05904913644327486,-0.062146391676988766,0.5,0.8540937900626048
1009,HOLD100,0.4,2,0.4,0.09214269199709596,-0.040809011948954255,-0.38835071772241453,-0.49266000606344995,0.06823610072879888,-0.08300639134870702,0.5,0.9010467607171047
1009,I25_N3_K2,0.1,2,0.025,0.026110974829865574,0.01546272233281587,-0.024410741689302295,-0.03537519659469346,0.0022043835615684904,-0.005438152072837488,0.5,0.09512759809822711
1009,I25_N3_K2,0.2,2,0.05,0.028100216487820795,0.02488410697129151,-0.04964775870503574,-0.0660492969815486,0.004193625219523711,-0.010881053395402684,0.5,0.17749112712870319
1009,I25_N3_K2,0.3,2,0.075,0.029893652611014954,0.02586864199858674,-0.07272874184703376,-0.09286636108744373,0.00598706134271787,-0.016328737401166027,0.5,0.2494980649081905
1009,I25_N3_K2,0.4,2,0.1,0.031508022451330775,0.020416141432069823,-0.09396796179339095,-0.11651084599947592,0.007601431183033691,-0.021781237967682943,0.5,0.3129862583646274
1009,I50_N3_K2,0.1,2,0.05,0.028100216487820684,0.02488410697129151,-0.049647758705035794,-0.0660492969815486,0.0041936252195236,-0.010881053395402907,0.5,0.17749112712870316
1009,I50_N3_K2,0.2,2,0.1,0.031508022451330775,0.020416141432069823,-0.09396796179339117,-0.11651084599947592,0.007601431183033691,-0.021781237967682943,0.5,0.31298625836462735
1009,I50_N3_K2,0.3,2,0.15,0.03425614375521013,0.009496552833659688,-0.13196224948802154,-0.15629582518266605,0.01034955248691305,-0.03270082656609308,0.5,0.41981355718039914
1009,I50_N3_K2,0.4,2,0.2,0.036441491381849433,-0.0014427200295837883,-0.16523581111527874,-0.18846846793640615,0.01253490011355235,-0.043640099429336554,0.5,0.5062008468487335
1009,L25_50_PB5_N3_K2,0.1,2,0.025,0.029490378595424582,0.024437166424370327,-0.051938726721591943,-0.06500606382464769,0.0055837873271274985,-0.007653788633273928,0.5,0.17468992470319378
1009,L25_50_PB5_N3_K2,0.2,2,0.05,0.03432713560274103,0.026880371028876304,-0.09827106375767541,-0.11494001891887273,0.010420544334443949,-0.015317008370876461,0.5,0.30876840485878954
1009,L25_50_PB5_N3_K2,0.3,2,0.075,0.03853524663219099,0.019207626271948275,-0.13795427176818448,-0.15447430571388376,0.014628655363893905,-0.02298975312780449,0.5,0.4149225654396634
1009,L25_50_PB5_N3_K2,0.4,2,0.1,0.04220617396793258,0.011525260811580562,-0.17260221629020456,-0.18655139657237385,0.018299582699635497,-0.030672118588172204,0.5,0.5010532871500428
