strategy,fast_ma,full_ma,starter_w,exit_ma,exit_slope_lb,exit_dd,CAGR,MDD,Calmar,Final,MaxUnderwaterDays,DotCom_Return,DotCom_MDD,GFC_Return,GFC_MDD,COVID_Return,COVID_MDD,2022_Bear_Return,2022_Bear_MDD,Actual_TQQQ_Era_Return,Actual_TQQQ_Era_MDD,ActualEra_CAGR,ActualEra_MDD,InvestedDayPct,AvgWeight,TradeCount,Cycle22_TroughDate,Cycle22_TroughPx,Cycle22_PeakDate,Cycle22_PeakPx,Cycle22_TheoreticalMult,Cycle22_PortfolioMult,Cycle22_Capture,Cycle22_First25Date,Cycle22_First75Date,Cycle22_WeightAtPeak,Cycle22_MaxWeight,Cycle22_ExitCountBeforePeak,Roll3y_CAGR_P10,Roll3y_CAGR_Median,Roll3y_WorstMDD,Roll5y_CAGR_P10,Roll5y_CAGR_Median,Roll5y_WorstMDD
BH_A25_F80_M110_W35_X110S50D18,80,110,0.35,110,50,-0.18,0.31351685347257696,-0.5804007047324976,0.5401731095710413,1681.8843335363663,750,-0.22223753493752263,-0.3825580141011322,-0.17128434617060462,-0.5643134086518344,1.1938242172670086,-0.14723087963306436,-0.3251312262841064,-0.5614916416879032,344.38251077044595,-0.5804007047324976,0.4309722687677704,-0.5804007047324976,0.7446001167542323,0.7362844216366656,15,2022-12-28,7.757497787475586,2026-06-02,87.22000122070312,11.243316287053162,7.87505629663021,0.6711748523590746,2023-02-03,2023-02-28,1.0,1.0,0,0.046026023193210495,0.307844732126596,-0.5804007047324976,0.11938778166716434,0.29596825739255017,-0.5804007047324976
BH_A25_F70_M110_W35_X120S50D18,70,110,0.35,120,50,-0.18,0.31022462341163726,-0.5804007047324975,0.5345007696960284,1570.7644040633252,874,-0.08936815790683916,-0.35122816633236753,-0.21894742375529286,-0.5643134086518344,0.7715778855468698,-0.14723087963306436,-0.29269739675532647,-0.5404171663315621,291.3106840089473,-0.5804007047324975,0.41640917857284965,-0.5804007047324975,0.7438704028021016,0.7345900215257575,21,2022-12-28,7.757497787475586,2026-06-02,87.22000122070312,11.243316287053162,8.10754789036875,0.6938717590271224,2023-01-27,2023-02-28,1.0,1.0,0,0.0361843046335638,0.28687860082670635,-0.5804007047324975,0.13209462860292734,0.2964040563042474,-0.5804007047324975
BH_A25_F80_M110_W35_X120S50D18,80,110,0.35,120,50,-0.18,0.30895032219950225,-0.5804007047324976,0.5323052154836634,1529.6815283959654,979,-0.2517738759391892,-0.40045091868371596,-0.21652606547907782,-0.5643134086518344,1.1938242172670077,-0.14723087963306447,-0.32513122628410673,-0.5614916416879034,344.382510770446,-0.5804007047324976,0.4309722687677704,-0.5804007047324976,0.7441622883829538,0.7362523090667825,17,2022-12-28,7.757497787475586,2026-06-02,87.22000122070312,11.243316287053162,7.875056296630215,0.6711748523590751,2023-02-03,2023-02-28,1.0,1.0000000000000002,0,0.03461027939848523,0.307844732126596,-0.5804007047324976,0.1156737812024503,0.29596825739255017,-0.5804007047324976
BH_A25_F80_M110_W35_X110S50D20,80,110,0.35,110,50,-0.2,0.3113995039576867,-0.5960664019195395,0.5224241845453339,1609.5821818419954,734,-0.22223753493752263,-0.3825580141011322,-0.17128434617060462,-0.5643134086518344,1.1938242172670086,-0.14723087963306447,-0.3024354779609214,-0.549960507345778,329.5349388010936,-0.5960664019195395,0.4271222603315523,-0.5960664019195395,0.7454757734967893,0.7371600783792225,15,2022-12-28,7.757497787475586,2026-06-02,87.22000122070312,11.243316287053162,7.875056296630212,0.6711748523590748,2023-02-03,2023-02-28,1.0,1.0000000000000002,0,0.04265778335697111,0.31859068100548815,-0.5960664019195395,0.11938778166716434,0.29596825739255017,-0.5960664019195395
BH_A25_F70_M110_W50_X120S50D18,70,110,0.5,120,50,-0.18,0.31084388157527054,-0.5804007047324975,0.5355677190614995,1591.110756868399,874,-0.10260171027175657,-0.3882014298167411,-0.19908359176032042,-0.5643134086518344,0.7774460477495024,-0.14723087963306447,-0.29334227068606933,-0.5408361849907473,292.0115386310123,-0.5804007047324975,0.4166171661784688,-0.5804007047324975,0.7438704028021016,0.7367928966583247,21,2022-12-28,7.757497787475586,2026-06-02,87.22000122070312,11.243316287053162,8.039217840634107,0.6872010629537221,2023-01-27,2023-02-28,1.0,1.0,0,0.03461027939848514,0.28142002942331334,-0.5804007047324975,0.13068102624512623,0.29616754662605205,-0.5804007047324975
BH_A25_F80_M110_W35_X100S50D20,80,110,0.35,100,50,-0.2,0.31110772101639017,-0.5960664019195397,0.5219346703899361,1599.8563800817633,734,-0.22693711700116959,-0.3862888694877312,-0.1712843461706025,-0.5643134086518344,1.1938242172670068,-0.14723087963306436,-0.30243547796092085,-0.5499605073457781,329.5349388010936,-0.5960664019195397,0.4271222603315523,-0.5960664019195397,0.7456217162872154,0.7372022353052727,15,2022-12-28,7.757497787475586,2026-06-02,87.22000122070312,11.243316287053162,7.875056296630217,0.6711748523590753,2023-02-03,2023-02-28,1.0,1.0,0,0.04265778335697125,0.3185906810054884,-0.5960664019195397,0.11803008985686754,0.29596825739254995,-0.5960664019195397
BH_A25_F70_M110_W35_X110S50D18,70,110,0.35,110,50,-0.18,0.3081312848841391,-0.5804007047324975,0.5308940571086223,1503.82469839569,874,-0.1288600229843192,-0.3470688740554637,-0.17384552583289048,-0.5643134086518344,0.7715778855468713,-0.14723087963306436,-0.3307855391112451,-0.565165635109705,275.56979617166996,-0.5804007047324975,0.4116101346435581,-0.5804007047324975,0.7438704028021016,0.7344329178264025,17,2022-12-28,7.757497787475586,2026-06-02,87.22000122070312,11.243316287053162,8.10754789036875,0.6938717590271224,2023-01-27,2023-02-28,1.0,1.0,0,0.04602602319321081,0.2822207518829676,-0.5804007047324975,0.12742872585341627,0.2956017036687053,-0.5804007047324975
BH_A25_F80_M110_W35_X110S40D22,80,110,0.35,110,40,-0.22,0.30782339964182404,-0.6022332649272366,0.5111364940610115,1494.2141339771522,788,-0.22223753493752263,-0.3825580141011322,-0.2580167692766966,-0.5643134086518344,1.1938242172670082,-0.14723087963306447,-0.38783299420606454,-0.6022332649272366,341.7113672401161,-0.6022332649272366,0.4302912434342263,-0.6022332649272366,0.7498540572095739,0.7415383620920071,15,2022-12-28,7.757497787475586,2026-06-02,87.22000122070312,11.243316287053162,7.8750562966302144,0.671174852359075,2023-02-03,2023-02-28,1.0,1.0000000000000002,0,0.027209592051051015,0.28387405957174927,-0.6022332649272366,0.11938778166716434,0.28919983555877593,-0.6022332649272366
BH_A25_F60_M110_W35_X120S50D18,60,110,0.35,120,50,-0.18,0.3012699435476336,-0.5804007047324976,0.5190723255349711,1303.1379783842208,862,-0.24937230251885723,-0.3853533215655164,-0.23326478914188387,-0.5643134086518344,0.90329332124815,-0.14723087963306447,-0.3250179208296944,-0.5614180193916329,298.69337899608,-0.5804007047324976,0.41857696911411857,-0.5804007047324976,0.7467892586106246,0.7356791705387337,21,2022-12-28,7.757497787475586,2026-06-02,87.22000122070312,11.243316287053162,8.347612493403876,0.7173079779534628,2023-01-25,2023-02-28,1.0,1.0,0,0.03461027939848514,0.27911552083185676,-0.5804007047324976,0.10728121652343345,0.2934057720797809,-0.5804007047324976
BH_A25_F80_M110_W35_X100S40D22,80,110,0.35,100,40,-0.22,0.3075324123743344,-0.6022332649272368,0.5106533137313348,1485.185436580805,788,-0.22693711700116959,-0.3862888694877312,-0.2580167692766965,-0.5643134086518344,1.193824217267006,-0.14723087963306436,-0.38783299420606476,-0.6022332649272368,341.71136724011615,-0.6022332649272368,0.4302912434342263,-0.6022332649272368,0.75,0.7415805190180573,15,2022-12-28,7.757497787475586,2026-06-02,87.22000122070312,11.243316287053162,7.875056296630212,0.6711748523590748,2023-02-03,2023-02-28,1.0,1.0,0,0.02720959205105093,0.28387405957174905,-0.6022332649272368,0.11803008985686754,0.28919983555877593,-0.6022332649272368
BH_A25_F70_M110_W65_X120S50D18,70,110,0.65,120,50,-0.18,0.3113470236756317,-0.5804007047324976,0.5364346065346858,1607.828701936743,874,-0.11711211501018148,-0.4234579704267194,-0.17921975976534799,-0.5643134086518345,0.7833142099521324,-0.14723087963306436,-0.29407751634107104,-0.541313924334584,292.6730318531917,-0.5804007047324976,0.4168130448465266,-0.5804007047324976,0.7438704028021016,0.7389571768172762,21,2022-12-28,7.757497787475586,2026-06-02,87.22000122070312,11.243316287053162,7.9708877908994635,0.6805303668803218,2023-01-27,2023-02-28,1.0,1.0,0,0.03461027939848514,0.28142002942331334,-0.5804007047324976,0.1254041032016523,0.2958976820715502,-0.5804007047324976
BH_A25_F80_M110_W35_X110S50D22,80,110,0.35,110,50,-0.22,0.30659194887761276,-0.6022332649272372,0.5090916871133907,1456.362894836731,788,-0.22223753493752263,-0.3825580141011322,-0.27681259248948786,-0.5730360211176697,1.1938242172670073,-0.14723087963306436,-0.3878329942060652,-0.6022332649272372,341.71136724011564,-0.6022332649272372,0.4302912434342261,-0.6022332649272372,0.7523350846468184,0.7440193895292516,15,2022-12-28,7.757497787475586,2026-06-02,87.22000122070312,11.243316287053162,7.875056296630214,0.6711748523590749,2023-02-03,2023-02-28,1.0,1.0,0,0.023765995115288215,0.28238232141126307,-0.6022332649272372,0.11938778166716434,0.28556205273623214,-0.6022332649272372
BH_A25_F60_M100_W100_X120S40D20,60,100,1.0,120,40,-0.2,0.2706975907115199,-0.6228450738253394,0.43461464509781117,681.9715406464663,1140,-0.5520468229411096,-0.6228450738253394,-0.23344619930285226,-0.5645312519475085,0.9277666407707252,-0.14723087963306436,-0.36866174447644795,-0.5897763939426199,261.87405762167936,-0.5897763939426199,0.4072212415818153,-0.5897763939426199,0.7463514302393461,0.7463514302393461,17,2022-12-28,7.757497787475586,2026-06-02,87.22000122070312,11.243316287053162,8.497234748962006,0.7319147958398969,2023-01-25,2023-01-25,1.0,1.0,0,-0.0020469612204848772,0.2730197972591284,-0.6228450738253394,0.03428948159176413,0.28092901297407424,-0.6228450738253394
BH_A25_F60_M100_W100_X120S50D18,60,100,1.0,120,50,-0.18,0.278410201496863,-0.6051018129846975,0.46010472208567615,804.1644511332177,1134,-0.5309728570100127,-0.6051018129846975,-0.1738233132170799,-0.5643134086518344,0.9277666407707261,-0.14723087963306436,-0.3892027750212309,-0.6031233051245313,273.6823145750003,-0.6031233051245313,0.4110175621930967,-0.6031233051245313,0.7467892586106246,0.7467892586106246,17,2022-12-28,7.757497787475586,2026-06-02,87.22000122070312,11.243316287053162,8.497234748962004,0.7319147958398967,2023-01-25,2023-01-25,1.0,1.0,0,0.013135624714965969,0.2692841545459075,-0.6051018129846975,0.04383885339364953,0.2956017036687053,-0.6051018129846975
BH_A25_F60_M110_W80_X120S40D20,60,110,0.8,120,40,-0.2,0.2786570716203942,-0.5810372490267552,0.47958555512086076,808.4047670696513,1078,-0.4721578801154007,-0.5555824448795449,-0.2503865895735764,-0.5645312519475086,0.9202494252485367,-0.14723087963306447,-0.3479882687441658,-0.57634342407197,269.42336696718405,-0.5810372490267552,0.4096663034593133,-0.5810372490267552,0.7463514302393461,0.742951686768196,21,2022-12-28,7.757497787475586,2026-06-02,87.22000122070312,11.243316287053162,8.45127683381654,0.7274281712099854,2023-01-25,2023-01-25,1.0,1.0,0,0.003003308455179714,0.28142002942331334,-0.5810372490267552,0.058907734303778804,0.28154517755701436,-0.5810372490267552
BH_A25_F80_M110_W35_X110S30D18,80,110,0.35,110,30,-0.18,0.2556434895545978,-0.5637273396039277,0.4534878328487878,492.93877892835366,732,-0.22223753493752263,-0.3825580141011322,-0.1848018101972123,-0.5236193833854154,1.1938242172670077,-0.14723087963306436,-0.2060349576096746,-0.49034666595960474,101.90572526181865,-0.5637273396039277,0.32858403483424037,-0.5637273396039277,0.699357851722125,0.691042156604558,16,2022-12-28,7.757497787475586,2026-06-02,87.22000122070312,11.243316287053162,1.9318729758387407,0.09097375788508681,2023-02-03,2023-02-28,0.0,1.0,1,0.042048398369889745,0.2913491431945119,-0.5637273396039277,0.13468679900551092,0.2863894318910434,-0.5637273396039277
BH_A25_F60_M110_W50_X110S30D18,60,110,0.5,110,30,-0.18,0.2306119182359363,-0.5567780366106212,0.41419004176203367,284.8404899461279,1077,-0.44549455968530316,-0.5331332176759107,-0.1879346325256016,-0.5236193833854152,0.9089453559149454,-0.14723087963306436,-0.2576104740576979,-0.5176187950487359,82.72625442912214,-0.5567780366106212,0.3118879008183799,-0.5567780366106212,0.7040280210157618,0.6939791232279023,22,2022-12-28,7.757497787475586,2026-06-02,87.22000122070312,11.243316287053162,2.05627513312429,0.10311847291675923,2023-01-25,2023-02-28,0.0,1.0,1,0.03922819073185684,0.28142002942331334,-0.5567780366106212,0.07661487120487513,0.28365004824073403,-0.5567780366106212
