start_date,full_date,age_td,age_bucket,horizon_y,Jump_CAGR,Jump_MDD,Jump_Final,Wait_CAGR,Wait_MDD,Wait_Final,CAGR_Diff,Jump_Outperformed
2006-01-03,2002-12-12,769,757_1008,3,-0.05934802779323245,-0.5643134086518344,0.8324148821983142,0.03514046849278207,0.0,1.109093056985374,-0.09448849628601452,False
2006-01-03,2002-12-12,769,757_1008,5,0.2893842802969582,-0.5643134086518344,3.5632610015510426,0.3655603616753009,-0.4309192757855549,4.747618190835625,-0.07617608137834275,False
2006-02-01,2002-12-12,789,757_1008,3,-0.04760730549046177,-0.5643134086518344,0.8640688733503276,0.03404457666450944,0.0,1.1054752319149528,-0.08165188215497121,False
2006-02-01,2002-12-12,789,757_1008,5,0.32179787742327304,-0.5643134086518344,4.034175208989495,0.3885696600023587,-0.4309192757855549,5.161256136274548,-0.06677178257908567,False
2006-03-01,2002-12-12,808,757_1008,3,-0.04934578781776833,-0.5643134086518344,0.8593531591105428,0.03296702496903481,0.0,1.1020283031386642,-0.08231281278680314,False
2006-03-01,2002-12-12,808,757_1008,5,0.31611842930381195,-0.5643134086518344,3.948257290971846,0.3832532485302005,-0.4309192757855549,5.063216718989057,-0.06713481922638853,False
2006-04-03,2002-12-12,831,757_1008,3,-0.04038566391974907,-0.5643134086518344,0.8836429667413763,0.0501060273581726,-0.00016706488083428894,1.1580179607839478,-0.09049169127792167,False
2006-04-03,2002-12-12,831,757_1008,5,0.31683007011328446,-0.5643134086518344,3.95297993901616,0.39009960413021694,-0.4309192757855549,5.180397445905459,-0.07326953401693248,False
2006-05-01,2002-12-12,850,757_1008,3,0.0285021069570206,-0.5643134086518344,1.0879893975400519,0.10222924186699678,-0.03884909897076472,1.3392058073261286,-0.07372713490997618,False
2006-05-01,2002-12-12,850,757_1008,5,0.35425984881040473,-0.5643134086518344,4.546866600553094,0.4117845430710261,-0.4309192757855549,5.59673666891019,-0.057524694260621345,False
2006-06-01,2002-12-12,872,757_1008,3,0.14148818977727529,-0.5643134086518344,1.487500586837524,0.15849337532862373,-0.1681952713631828,1.5549926254840294,-0.017005185551348445,False
2006-06-01,2002-12-12,872,757_1008,5,0.3672042637667925,-0.5643134086518344,4.77626035162692,0.37939323026013283,-0.430919275785555,4.992972567467536,-0.012188966493340336,False
2006-07-03,2002-12-12,894,757_1008,3,0.16549821074250892,-0.5643134086518344,1.582713671277656,0.1290405958441665,-0.1681952713631828,1.4388770471842747,0.03645761489834243,True
2006-07-03,2002-12-12,894,757_1008,5,0.41619582334078076,-0.5643134086518344,5.684615549261398,0.38943276828633855,-0.4309192757855548,5.167999104535523,0.02676305505444221,True
2006-08-01,2002-12-12,914,757_1008,3,0.3386821971983458,-0.5643134086518344,2.3976188473094653,0.24489789783132898,-0.19099267454029012,1.9284647760522418,0.09378429936701682,True
2006-08-01,2002-12-12,914,757_1008,5,0.4451200672214255,-0.5643134086518344,6.301248773704088,0.38352829057476034,-0.4309192757855549,5.068251911210584,0.06159177664666515,True
2006-09-01,2002-12-12,937,757_1008,3,0.24792733420705604,-0.5643134086518344,1.943746647350609,0.23298391529044427,-0.19099267454029,1.8747358951178559,0.014943418916611773,True
2006-09-01,2002-12-12,937,757_1008,5,0.32905480154023725,-0.5643134086518344,4.146126667449414,0.31947938957348065,-0.4391139408805492,3.9989226475412822,0.009575411966756597,True
2006-10-02,2002-12-12,957,757_1008,3,0.2741383874761081,-0.5643134086518344,2.0688466535065215,0.27898736847114614,-0.19099267454029,2.0925627817618793,-0.004848980995038055,False
2006-10-02,2002-12-12,957,757_1008,5,0.2831187004590303,-0.5643134086518344,3.4727884895423338,0.28605065384917516,-0.4391139408805491,3.512598640324714,-0.002931953390144848,False
2006-11-01,2002-12-12,979,757_1008,3,0.22703239697335498,-0.5643134086518344,1.8456435226908061,0.2762500008616351,-0.19099267454029012,2.076377041229432,-0.049217603888280115,False
2006-11-01,2002-12-12,979,757_1008,5,0.30420201666922253,-0.5643134086518344,3.7727430594747493,0.3352965815682942,-0.4391139408805492,4.244393337522847,-0.031094564899071697,False
2006-12-01,2002-12-12,1000,757_1008,3,0.25419240504710205,-0.5643134086518344,1.9731762843975764,0.3649942708793752,-0.19099267454029,2.543860571737976,-0.11080186583227314,False
2006-12-01,2002-12-12,1000,757_1008,5,0.2667881181222076,-0.5643134086518344,3.261821210662509,0.33282163105134677,-0.4391139408805491,4.2052088480256105,-0.06603351292913917,False
2012-05-01,2009-04-22,763,757_1008,3,0.5730030058303937,-0.31894950538707023,3.888631646511139,0.0004417261537035255,0.0,1.0013248830995019,0.5725612796766901,True
2012-05-01,2009-04-22,763,757_1008,5,0.4649434435958568,-0.44536912654272764,6.745401681902436,0.0013477210238677095,0.0,1.0067560042573316,0.4635957225719891,True
2012-06-01,2009-04-22,785,757_1008,3,0.757394496771556,-0.31894950538707034,5.42150732604103,0.00042038007596700844,0.0,1.0012608322559766,0.756974116695589,True
2012-06-01,2009-04-22,785,757_1008,5,0.5859929430394029,-0.44536912654272764,10.032050658397623,0.0014872733882143052,0.0,1.0074576485757512,0.5845056696511886,True
2012-07-02,2009-04-22,806,757_1008,3,0.6168836727574971,-0.31894950538707045,4.222996044197992,0.0004001335036867282,0.0,1.0012000831015524,0.6164835392538104,True
2012-07-02,2009-04-22,806,757_1008,5,0.4997999520212506,-0.44536912654272764,7.57007764369916,0.0016376317930848483,0.0,1.0082050278849057,0.49816232022816576,True
2012-08-01,2009-04-22,827,757_1008,3,0.6896575742155702,-0.31894950538707034,4.8119230209376544,0.00038183832358940073,0.0,1.0011441447112748,0.6892757358919808,True
2012-08-01,2009-04-22,827,757_1008,5,0.5460878914859322,-0.44536912654272764,8.83203531903976,0.001796937277784405,0.0,1.0090159803523526,0.5442909542081478,True
2012-09-04,2009-04-22,850,757_1008,3,0.4449383702067089,-0.37237079670987805,3.014599198667273,0.00037068469158585415,0.0,1.0011117273230663,0.44456768551512305,True
2012-09-04,2009-04-22,850,757_1008,5,0.5107976006325488,-0.44536912654272764,7.842512481652513,0.0019680763508287402,0.0,1.0098617273564443,0.50882952428172,True
2012-10-01,2009-04-22,869,757_1008,3,0.4279331176365049,-0.37237079670987805,2.9094804757347967,0.00035071719364254683,0.0,1.0010518214512056,0.42758240044286233,True
2012-10-01,2009-04-22,869,757_1008,5,0.49779586221441097,-0.44536912654272764,7.519696407384406,0.00210598343766244,0.0,1.010561483845766,0.4956898787767485,True
2012-11-01,2009-04-22,890,757_1008,3,0.6721037707353099,-0.37237079670987805,4.657173622754855,0.00032733615469293653,0.0,1.0009798835191537,0.671776434580617,True
2012-11-01,2009-04-22,890,757_1008,5,0.5882282233811782,-0.44536912654272764,10.102937223395326,0.0022817313354055457,0.0,1.0114594973778896,0.5859464920457726,True
2012-12-03,2009-04-22,911,757_1008,3,0.6461736649239074,-0.37237079670987805,4.456519045750012,0.0003371320790468424,0.0,1.0010110651747974,0.6458365328448605,True
2012-12-03,2009-04-22,911,757_1008,5,0.5972610333251669,-0.44536912654272764,10.36686659994777,0.0024728113825214226,0.0,1.0124102096278926,0.5947882219426455,True
2013-01-02,2009-04-22,931,757_1008,3,0.601809289165326,-0.37237079670987816,4.095476737988488,0.0003752629966284893,0.0,1.0011234065543853,0.6014340261686975,True
2013-01-02,2009-04-22,931,757_1008,5,0.5992262382437843,-0.44536912654272764,10.45757280953615,0.00266799735773926,0.0,1.0134097880781192,0.596558240886045,True
2013-02-01,2009-04-22,952,757_1008,3,0.49170135220412203,-0.37237079670987805,3.3166504755335633,0.00041883044484314347,0.0,1.0012561825534598,0.4912825217592789,True
2013-02-01,2009-04-22,952,757_1008,5,0.6611715018506463,-0.44536912654272764,12.645736309901181,0.0028907134157853953,0.0,1.0145356674045185,0.6582807884348609,True
2013-03-01,2009-04-22,971,757_1008,3,0.4785481005309131,-0.44536912654272764,3.2332038242805132,0.00047429217020722447,0.0,1.001423905756035,0.4780738083607059,True
2013-03-01,2009-04-22,971,757_1008,5,0.6164112187497297,-0.44536912654272764,11.03158570794621,0.0031116946961042835,0.0,1.0156537657960756,0.6132995240536254,True
2013-04-01,2009-04-22,991,757_1008,3,0.5125639648508147,-0.44536912654272753,3.4615876247262998,0.0005343070820293949,0.0,1.0016041770192166,0.5120296577687853,True
2013-04-01,2009-04-22,991,757_1008,5,0.5671956269766816,-0.44536912654272753,9.416724061140817,0.0033722471635642126,0.0,1.0169452274714261,0.5638233798131174,True
