campaign_full_date,matched_start_date,exit_date,age_td,policy,remaining_days,Return_to_exit,CAGR_to_exit,MDD_to_exit,initial_entry_date,add_date,add_qqq_dd
1988-04-08,1990-04-06,1990-09-18,505,IMM25,165,-0.0689211313736634,-0.14621458347148464,-0.20213332947508056,1990-04-09,,
1988-04-08,1990-04-06,1990-09-18,505,IMM50,165,-0.17263707114804527,-0.34262566903702074,-0.37452437861942023,1990-04-09,,
1988-04-08,1990-04-06,1990-09-18,505,IMM100,165,-0.3798616224813667,-0.652740072193982,-0.6398368749356363,1990-04-09,,
1988-04-08,1990-04-06,1990-09-18,505,L25_TO50_PB5_POST,165,-0.159824352322829,-0.31987879196859426,-0.3907000941737795,1990-04-09,1990-04-23,-0.052068678160858806
1988-04-08,1990-04-06,1990-09-18,505,L25_TO100_PB5_POST,165,-0.3286272133685091,-0.5860303580073729,-0.6398368749356363,1990-04-09,1990-04-23,-0.052068678160858806
1988-04-08,1990-04-06,1990-09-18,505,L50_TO100_PB5_POST,165,-0.3457167370615961,-0.6089962939639737,-0.6398368749356362,1990-04-09,1990-04-23,-0.052068678160858806
1988-04-08,1990-04-06,1990-09-18,505,L25_TO100_PB5_R63,165,-0.35131807401237347,-0.61636758500332,-0.6398368749356363,1990-04-09,1990-04-20,-0.05116659958082925
1988-04-08,1990-04-06,1990-09-18,505,L25_TO100_PB10_R63,165,-0.3780460737827148,-0.6504856133020507,-0.5310553786509602,1990-04-09,1990-08-02,-0.11052884988470058
1988-04-08,1990-04-06,1990-09-18,505,WAIT_NEXT,165,0.03479480840071947,0.07865165271718277,0.0,,,
2002-12-12,2004-12-15,2008-02-13,505,IMM25,1155,0.06277540649841251,0.019439652694139387,-0.18486891704250052,2004-12-16,,
2002-12-12,2004-12-15,2008-02-13,505,IMM50,1155,-0.008183721969741153,-0.002595190258974922,-0.33761603966871345,2004-12-16,,
2002-12-12,2004-12-15,2008-02-13,505,IMM100,1155,-0.14996013157277777,-0.05008054847944643,-0.5643134086518345,2004-12-16,,
2002-12-12,2004-12-15,2008-02-13,505,L25_TO50_PB5_POST,1155,0.03322181455632567,0.010388496317565776,-0.3626237857649932,2004-12-16,2005-01-20,-0.06671680807513503
2002-12-12,2004-12-15,2008-02-13,505,L25_TO100_PB5_POST,1155,-0.018882798558466085,-0.006010218748644269,-0.5643134086518344,2004-12-16,2005-01-20,-0.06671680807513503
2002-12-12,2004-12-15,2008-02-13,505,L50_TO100_PB5_POST,1155,-0.06260437604832036,-0.020236486776243234,-0.5643134086518344,2004-12-16,2005-01-20,-0.06671680807513503
2002-12-12,2004-12-15,2008-02-13,505,L25_TO100_PB5_R63,1155,-0.06445101535663156,-0.020847249416055313,-0.5643134086518344,2004-12-16,2005-01-13,-0.05052806676208421
2002-12-12,2004-12-15,2008-02-13,505,L25_TO100_PB10_R63,1155,0.20478840247808416,0.06068443231015497,-0.5643134086518345,2004-12-16,2005-04-15,-0.10278929173775964
2002-12-12,2004-12-15,2008-02-13,505,WAIT_NEXT,1155,0.1337345349665653,0.04049017522020404,0.0,,,
2002-12-12,2005-12-13,2008-02-13,756,IMM25,792,0.028152249179626,0.012885751667477408,-0.183138531949242,2005-12-14,,
2002-12-12,2005-12-13,2008-02-13,756,IMM50,792,-0.04346132662030455,-0.020282900136105453,-0.335755758654525,2005-12-14,,
2002-12-12,2005-12-13,2008-02-13,756,IMM100,792,-0.18654532264635415,-0.09082202847293286,-0.5643134086518344,2005-12-14,,
2002-12-12,2005-12-13,2008-02-13,756,L25_TO50_PB5_POST,792,-0.02583017623965289,-0.011995980658240812,-0.3484170386221175,2005-12-14,2006-02-03,-0.05299673263601612
2002-12-12,2005-12-13,2008-02-13,756,L25_TO100_PB5_POST,792,-0.12681534268115324,-0.060622386497981684,-0.5643134086518344,2005-12-14,2006-02-03,-0.05299673263601612
2002-12-12,2005-12-13,2008-02-13,756,L50_TO100_PB5_POST,792,-0.1467386115443582,-0.07056828181640129,-0.5643134086518344,2005-12-14,2006-02-03,-0.05299673263601612
2002-12-12,2005-12-13,2008-02-13,756,L25_TO100_PB5_R63,792,-0.12681534268115324,-0.060622386497981684,-0.5643134086518344,2005-12-14,2006-02-03,-0.05299673263601612
2002-12-12,2005-12-13,2008-02-13,756,L25_TO100_PB10_R63,792,0.0749716791005377,0.03390158423984735,-0.5643134086518344,2005-12-14,2006-06-08,-0.10133321394135164
2002-12-12,2005-12-13,2008-02-13,756,WAIT_NEXT,792,0.09976582497955522,0.04483137760838596,0.0,,,
2002-12-12,2006-06-12,2008-02-13,879,IMM25,611,0.1196845656387866,0.06991268304345222,-0.2440945475894396,2006-06-13,,
2002-12-12,2006-06-12,2008-02-13,879,IMM50,611,0.1631824859797404,0.09456827998878081,-0.3940702901415305,2006-06-13,,
2002-12-12,2006-06-12,2008-02-13,879,IMM100,611,0.250091374297148,0.1427459033666274,-0.5643134086518344,2006-06-13,,
2002-12-12,2006-06-12,2008-02-13,879,L25_TO50_PB5_POST,611,0.17999346602440092,0.10399742828882297,-0.399748635714926,2006-06-13,2006-07-12,-0.053076869898284085
2002-12-12,2006-06-12,2008-02-13,879,L25_TO100_PB5_POST,611,0.2963778619543509,0.16785385915638074,-0.5643134086518344,2006-06-13,2006-07-12,-0.053076869898284085
2002-12-12,2006-06-12,2008-02-13,879,L50_TO100_PB5_POST,611,0.28093874513453665,0.15951965367901333,-0.5643134086518347,2006-06-13,2006-07-12,-0.053076869898284085
2002-12-12,2006-06-12,2008-02-13,879,L25_TO100_PB5_R63,611,0.22282112724017056,0.1277781081673226,-0.5643134086518344,2006-06-13,2006-06-14,-0.11935388900073185
2002-12-12,2006-06-12,2008-02-13,879,L25_TO100_PB10_R63,611,0.22282112724017056,0.1277781081673226,-0.5643134086518344,2006-06-13,2006-06-14,-0.11935388900073185
2002-12-12,2006-06-12,2008-02-13,879,WAIT_NEXT,611,0.07618664529783192,0.044868682102107815,0.0,,,
2002-12-12,2006-12-14,2008-02-13,1009,IMM25,426,-0.011156220625275881,-0.009572726505385654,-0.18817446247504088,2006-12-15,,
2002-12-12,2006-12-14,2008-02-13,1009,IMM50,426,-0.07170003729598129,-0.06179719375895598,-0.3411325832304861,2006-12-15,,
2002-12-12,2006-12-14,2008-02-13,1009,IMM100,426,-0.19266664351761087,-0.16764361848959453,-0.5643134086518344,2006-12-15,,
2002-12-12,2006-12-14,2008-02-13,1009,L25_TO50_PB5_POST,426,-0.044287373309595646,-0.03809295689423775,-0.35929465903192137,2006-12-15,2007-03-01,-0.05041853517243888
2002-12-12,2006-12-14,2008-02-13,1009,L25_TO100_PB5_POST,426,-0.10457348460129823,-0.09035571689409017,-0.5643134086518344,2006-12-15,2007-03-01,-0.05041853517243888
2002-12-12,2006-12-14,2008-02-13,1009,L50_TO100_PB5_POST,426,-0.13395745042752627,-0.11600952145874777,-0.5643134086518344,2006-12-15,2007-03-01,-0.05041853517243888
2002-12-12,2006-12-14,2008-02-13,1009,L25_TO100_PB5_R63,426,-0.10457348460129823,-0.09035571689409017,-0.5643134086518344,2006-12-15,2007-03-01,-0.05041853517243888
2002-12-12,2006-12-14,2008-02-13,1009,L25_TO100_PB10_R63,426,-0.2308408806031197,-0.20150365370596823,-0.48176313922334835,2006-12-15,2007-11-12,-0.11448329111687439
2002-12-12,2006-12-14,2008-02-13,1009,WAIT_NEXT,426,0.049387596045428195,0.042197379399752766,0.0,,,
2009-04-22,2011-04-21,2018-12-21,505,IMM25,2801,1.9732474033652574,0.15267797262143512,-0.4717168058000085,2011-04-25,,
2009-04-22,2011-04-21,2018-12-21,505,IMM50,2801,3.9131495308721975,0.23069770783589094,-0.5197377081578636,2011-04-25,,
2009-04-22,2011-04-21,2018-12-21,505,IMM100,2801,7.789075920563732,0.3276620240705581,-0.5475367824704787,2011-04-25,,
2009-04-22,2011-04-21,2018-12-21,505,L25_TO50_PB5_POST,2801,4.406008683285593,0.24613490124982862,-0.5232979374400841,2011-04-25,2011-06-06,-0.05623099857578351
2009-04-22,2011-04-21,2018-12-21,505,L25_TO100_PB5_POST,2801,8.80991851424973,0.34682252525426116,-0.5475367824704787,2011-04-25,2011-06-06,-0.05623099857578351
2009-04-22,2011-04-21,2018-12-21,505,L50_TO100_PB5_POST,2801,8.469410757962736,0.3406325502499239,-0.5475367824704785,2011-04-25,2011-06-06,-0.05623099857578351
2009-04-22,2011-04-21,2018-12-21,505,L25_TO100_PB5_R63,2801,8.80991851424973,0.34682252525426116,-0.5475367824704787,2011-04-25,2011-06-06,-0.05623099857578351
2009-04-22,2011-04-21,2018-12-21,505,L25_TO100_PB10_R63,2801,11.754069226103264,0.39371341787505787,-0.5475367824704787,2011-04-25,2011-08-08,-0.15160131742830518
2009-04-22,2011-04-21,2018-12-21,505,WAIT_NEXT,2801,0.033345275858313705,0.0042863677505813325,0.0,,,
2009-04-22,2012-04-20,2018-12-21,756,IMM25,2436,1.623534589079866,0.15559575003442783,-0.45967985013022883,2012-04-23,,
2009-04-22,2012-04-20,2018-12-21,756,IMM50,2436,3.21404800166579,0.24069357064455765,-0.5148031592068947,2012-04-23,,
2009-04-22,2012-04-20,2018-12-21,756,IMM100,2436,6.391895389731021,0.34976201561180686,-0.5475367824704787,2012-04-23,,
2009-04-22,2012-04-20,2018-12-21,756,L25_TO50_PB5_POST,2436,3.428130908257769,0.2499461011144608,-0.5171101860722297,2012-04-23,2012-05-14,-0.054431705457851254
2009-04-22,2012-04-20,2018-12-21,756,L25_TO100_PB5_POST,2436,6.839956563991535,0.3617244221368012,-0.5475367824704787,2012-04-23,2012-05-14,-0.054431705457851254
2009-04-22,2012-04-20,2018-12-21,756,L50_TO100_PB5_POST,2436,6.690503253490569,0.3578004006162101,-0.5475367824704787,2012-04-23,2012-05-14,-0.054431705457851254
2009-04-22,2012-04-20,2018-12-21,756,L25_TO100_PB5_R63,2436,6.491521036340614,0.35247409361633886,-0.5475367824704787,2012-04-23,2012-04-24,-0.05157493946909242
2009-04-22,2012-04-20,2018-12-21,756,L25_TO100_PB10_R63,2436,7.707257757298208,0.3833161329595889,-0.5475367824704787,2012-04-23,2012-05-18,-0.10901078655125618
2009-04-22,2012-04-20,2018-12-21,756,WAIT_NEXT,2436,0.03302117649394232,0.0048829358558417635,0.0,,,
2009-04-22,2012-10-15,2018-12-21,879,IMM25,2258,1.4365400032186715,0.1549481971380786,-0.45155567754161907,2012-10-16,,
2009-04-22,2012-10-15,2018-12-21,879,IMM50,2258,2.8404985894018013,0.2431614741712682,-0.5113813910908107,2012-10-16,,
2009-04-22,2012-10-15,2018-12-21,879,IMM100,2258,5.645609247852648,0.35846674433278225,-0.5475367824704787,2012-10-16,,
2009-04-22,2012-10-15,2018-12-21,879,L25_TO50_PB5_POST,2258,3.3290070750729184,0.26747355555432306,-0.5171873647737077,2012-10-16,2012-11-07,-0.05798607494360386
2009-04-22,2012-10-15,2018-12-21,879,L25_TO100_PB5_POST,2258,6.666739965645267,0.3902410105968621,-0.5475367824704787,2012-10-16,2012-11-07,-0.05798607494360386
2009-04-22,2012-10-15,2018-12-21,879,L50_TO100_PB5_POST,2258,6.326136103951145,0.3800592798809057,-0.5475367824704787,2012-10-16,2012-11-07,-0.05798607494360386
2009-04-22,2012-10-15,2018-12-21,879,L25_TO100_PB5_R63,2258,6.240926547707594,0.37745015110337854,-0.5475367824704787,2012-10-16,2012-10-19,-0.06438466230760231
2009-04-22,2012-10-15,2018-12-21,879,L25_TO100_PB10_R63,2258,6.961473151126138,0.3987499285030145,-0.5475367824704787,2012-10-16,2012-11-08,-0.10028212293264771
2009-04-22,2012-10-15,2018-12-21,879,WAIT_NEXT,2258,0.03258141703554718,0.005199639481798579,0.0,,,
2009-04-22,2013-04-25,2018-12-21,1009,IMM25,2066,1.3583954027069987,0.16378800044298347,-0.4477203577243908,2013-04-26,,
2009-04-22,2013-04-25,2018-12-21,1009,IMM50,2066,2.6846067321962117,0.2593044663526316,-0.5097396217490201,2013-04-26,,
2009-04-22,2013-04-25,2018-12-21,1009,IMM100,2066,5.334378294064211,0.38589733903557755,-0.5475367824704787,2013-04-26,,
2009-04-22,2013-04-25,2018-12-21,1009,L25_TO50_PB5_POST,2066,2.675053350181977,0.25872662089781495,-0.5095856197480098,2013-04-26,2013-06-24,-0.05853827869242645
2009-04-22,2013-04-25,2018-12-21,1009,L25_TO100_PB5_POST,2066,5.314880244290913,0.3851422117682426,-0.5475367824704787,2013-04-26,2013-06-24,-0.05853827869242645
2009-04-22,2013-04-25,2018-12-21,1009,L50_TO100_PB5_POST,2066,5.321383927837565,0.3853943017632653,-0.5475367824704787,2013-04-26,2013-06-24,-0.05853827869242645
2009-04-22,2013-04-25,2018-12-21,1009,L25_TO100_PB5_R63,2066,5.314880244290913,0.3851422117682426,-0.5475367824704787,2013-04-26,2013-06-24,-0.05853827869242645
2009-04-22,2013-04-25,2018-12-21,1009,L25_TO100_PB10_R63,2066,2.190204581230011,0.22763342152980437,-0.5475367824704787,2013-04-26,2015-08-21,-0.10159700209891043
2009-04-22,2013-04-25,2018-12-21,1009,WAIT_NEXT,2066,0.0321840732177876,0.005615803136841402,0.0,,,
