strategy,exit_ma,exit_slope_lb,exit_dd,resume_ma,CAGR,MDD,Calmar,Final,MaxUnderwaterDays,DotCom_Return,DotCom_MDD,GFC_Return,GFC_MDD,COVID_Return,COVID_MDD,2022_Bear_Return,2022_Bear_MDD,Actual_TQQQ_Era_Return,Actual_TQQQ_Era_MDD,ActualEra_CAGR,ActualEra_MDD,TradeCount,InvestedDayPct,Cycle22_TroughDate,Cycle22_TroughPx,Cycle22_PeakDate,Cycle22_PeakPx,Cycle22_TheoreticalMult,Cycle22_PortfolioMult,Cycle22_Capture,Cycle22_First25Date,Cycle22_First75Date,Cycle22_WeightAtPeak,Cycle22_MaxWeight,Cycle22_ExitCountBeforePeak,score
V8_X110S50D18_R100,110,50,-0.18,100,0.2699839426441015,-0.8413890992339722,0.3208788215700722,671.6161551861895,1595,-0.22223753493752263,-0.3825580141011322,-0.7379276734410904,-0.8413890992339722,0.6475388370201061,-0.6992207245312605,-0.32513122628410684,-0.5614916416879034,435.1237417882025,-0.7179610774225,0.45158615156863635,-0.7179610774225,20,0.7981611208406305,2022-12-28,7.757497787475586,2026-06-02,87.22000122070312,11.243316287053162,7.875056296630212,0.6711748523590748,2023-02-03,2023-02-28,1.0,1.0,0,0.9124988294193825
V8_X110S50D18_R80,110,50,-0.18,80,0.2699839426441015,-0.8413890992339722,0.3208788215700722,671.6161551861895,1595,-0.22223753493752263,-0.3825580141011322,-0.7379276734410904,-0.8413890992339722,0.6475388370201061,-0.6992207245312605,-0.32513122628410684,-0.5614916416879034,435.1237417882025,-0.7179610774225,0.45158615156863635,-0.7179610774225,20,0.7981611208406305,2022-12-28,7.757497787475586,2026-06-02,87.22000122070312,11.243316287053162,7.875056296630212,0.6711748523590748,2023-02-03,2023-02-28,1.0,1.0,0,0.9124988294193825
V8_X110S50D18_R60,110,50,-0.18,60,0.2655461432282453,-0.8358333876458638,0.317702244434336,610.5407733498208,1594,-0.3039326085980587,-0.4422453966398282,-0.7287479874639351,-0.8358333876458638,0.6475388370201063,-0.6992207245312605,-0.3499478784600274,-0.5776167164110176,427.00333612853245,-0.7126457496284333,0.4499143327812367,-0.7126457496284333,26,0.8070636310566258,2022-12-28,7.757497787475586,2026-06-02,87.22000122070312,11.243316287053162,8.347612493403874,0.7173079779534626,2023-01-25,2023-02-28,1.0,1.0,0,0.9066629071586183
V8_X100S40D18_R100,100,40,-0.18,100,0.28195151996947,-0.7211905643098875,0.39095286866276663,867.0943048974993,895,-0.22693711700116959,-0.3862888694877312,-0.5157074224848454,-0.7211905643098875,0.6475388370201061,-0.6992207245312605,-0.20603495760967483,-0.49034666595960474,305.5493774952988,-0.7179610774225,0.42054567326544134,-0.7179610774225,21,0.794804436660829,2022-12-28,7.757497787475586,2026-06-02,87.22000122070312,11.243316287053162,4.705029260640272,0.3617021242742617,2023-02-03,2023-02-28,1.0,1.0000000000000002,0,0.8622167670702118
V8_X100S40D18_R60,100,40,-0.18,60,0.2779137197525896,-0.7126457496284334,0.38997456997041113,795.7015080057305,997,-0.3073498205891392,-0.44498358800208115,-0.49869229721292885,-0.7113948794377378,0.6475388370201061,-0.6992207245312605,-0.2352310844186698,-0.5030773763420997,302.3113011018038,-0.7126457496284334,0.4196210643702962,-0.7126457496284334,27,0.8039988324576766,2022-12-28,7.757497787475586,2026-06-02,87.22000122070312,11.243316287053162,5.028305672206219,0.3932618655247146,2023-01-25,2023-02-28,1.0,1.0000000000000002,0,0.855019349663425
V8_X100S40D18_R80,100,40,-0.18,80,0.28037231869700974,-0.7211905643098875,0.38876315438943665,838.4667358773994,895,-0.22693711700116959,-0.3862888694877312,-0.5157074224848454,-0.7211905643098875,0.6475388370201061,-0.6992207245312605,-0.20603495760967483,-0.49034666595960474,295.42849051363106,-0.7179610774225,0.4176245493149917,-0.7179610774225,21,0.7934909515469936,2022-12-28,7.757497787475586,2026-06-02,87.22000122070312,11.243316287053162,4.54969027485776,0.346537212693932,2023-02-03,2023-02-28,1.0,1.0000000000000002,0,0.8494556960954062
V8_X120S50D18_R100,120,50,-0.18,100,0.2546746152135504,-0.8815026010852105,0.2889096582358607,482.683233069584,2079,-0.2517738759391892,-0.40045091868371596,-0.8042163792884842,-0.8815026010852105,0.6475388370201063,-0.6992207245312605,-0.32513122628410707,-0.5614916416879034,435.12374178820204,-0.7179610774225003,0.45158615156863613,-0.7179610774225003,22,0.7980151780502043,2022-12-28,7.757497787475586,2026-06-02,87.22000122070312,11.243316287053162,7.875056296630215,0.6711748523590751,2023-02-03,2023-02-28,1.0,1.0000000000000002,0,0.8485845039083064
V8_X120S50D18_R80,120,50,-0.18,80,0.2546746152135504,-0.8815026010852105,0.2889096582358607,482.683233069584,2079,-0.2517738759391892,-0.40045091868371596,-0.8042163792884842,-0.8815026010852105,0.6475388370201063,-0.6992207245312605,-0.32513122628410707,-0.5614916416879034,435.12374178820204,-0.7179610774225003,0.45158615156863613,-0.7179610774225003,22,0.7980151780502043,2022-12-28,7.757497787475586,2026-06-02,87.22000122070312,11.243316287053162,7.875056296630215,0.6711748523590751,2023-02-03,2023-02-28,1.0,1.0000000000000002,0,0.8485845039083064
V8_X120S50D18_R60,120,50,-0.18,60,0.2510487043617404,-0.8773519571563756,0.2861436648245768,446.0962499309903,2022,-0.34423044073935527,-0.47453580653386795,-0.7973586076908483,-0.8773519571563756,0.6475388370201061,-0.6992207245312605,-0.3251505095924432,-0.5615041713710222,443.33026784808834,-0.7126457496284335,0.45324627354105296,-0.7126457496284335,34,0.8064798598949212,2022-12-28,7.757497787475586,2026-06-02,87.22000122070312,11.243316287053162,8.34761249340388,0.7173079779534631,2023-01-25,2023-02-28,1.0,1.0,0,0.8451243436945464
V8_X80S40D18_R100,80,40,-0.18,100,0.28528346575284735,-0.7179610774225003,0.3973522726009364,930.6165760883329,996,-0.28424537094054436,-0.42647013182127613,-0.387781202575219,-0.6297315720308785,0.6475388370201061,-0.6992207245312605,-0.20603495760967505,-0.49034666595960474,280.0973155817046,-0.7179610774225003,0.4130162129465591,-0.7179610774225003,22,0.7961179217746643,2022-12-28,7.757497787475586,2026-06-02,87.22000122070312,11.243316287053162,4.314381929937657,0.3235653217236692,2023-02-03,2023-02-28,1.0,1.0,0,0.8419033635746431
V8_X80S50D18_R100,80,50,-0.18,100,0.27632204893812506,-0.7179610774225003,0.38487051405367084,769.1446467564011,1080,-0.46089435323709826,-0.5680178961208662,-0.380108965030593,-0.6531949879687973,0.6475388370201063,-0.6992207245312605,-0.32513122628410474,-0.5614916416879021,303.6320023463911,-0.7179610774225003,0.4199992945478459,-0.7179610774225003,22,0.7988908347927612,2022-12-28,7.757497787475586,2026-06-02,87.22000122070312,11.243316287053162,5.5007190353742565,0.4393810470406788,2023-02-03,2023-02-28,1.0,1.0000000000000002,0,0.840105470460417
V8_X80S50D15_R100,80,50,-0.15,100,0.26054674886929674,-0.6992207245312605,0.372624465677788,548.143191580484,2241,-0.46089435323709826,-0.5680178961208662,-0.3673129850067708,-0.6460361330156329,0.6475388370201063,-0.6992207245312605,-0.16839664613998384,-0.49034666595960485,390.1051121991206,-0.6992207245312605,0.4419218013031265,-0.6992207245312605,31,0.7705779334500875,2022-12-28,7.757497787475586,2026-06-02,87.22000122070312,11.243316287053162,5.500719035374251,0.43938104704067826,2023-02-03,2023-02-28,1.0,1.0,0,0.8372814224848646
V8_X80S50D18_R60,80,50,-0.18,60,0.2717472682896067,-0.7126457496284333,0.3813216712950202,697.4828302710121,1094,-0.5187591651446192,-0.6143846209705777,-0.3583297263954285,-0.6410103479420677,0.6475388370201063,-0.6992207245312605,-0.35523660944617974,-0.581053166329307,297.9619165522814,-0.7126457496284333,0.4183644394810191,-0.7126457496284333,26,0.808231173380035,2022-12-28,7.757497787475586,2026-06-02,87.22000122070312,11.243316287053162,5.878666251487056,0.4762780055569845,2023-01-25,2023-02-28,1.0,1.0000000000000002,0,0.8332707135564302
V8_X80S50D15_R60,80,50,-0.15,60,0.25584732693194634,-0.6992207245312605,0.3659035236741013,495.1229672326787,2241,-0.5187591651446192,-0.6143846209705777,-0.35832972639542715,-0.6410103479420677,0.6475388370201063,-0.6992207245312605,-0.20549383981953817,-0.49034666595960474,393.3515031570686,-0.6992207245312605,0.4426527999344936,-0.6992207245312605,35,0.7854640980735552,2022-12-28,7.757497787475586,2026-06-02,87.22000122070312,11.243316287053162,5.878666251487062,0.47627800555698513,2023-01-25,2023-02-28,1.0,1.0,0,0.8300506565098941
V8_X80S40D18_R80,80,40,-0.18,80,0.28370015994683895,-0.7179610774225003,0.3951469917635789,899.8917862785701,996,-0.28424537094054436,-0.42647013182127613,-0.387781202575219,-0.6297315720308785,0.6475388370201061,-0.6992207245312605,-0.20603495760967505,-0.49034666595960474,270.8167416490556,-0.7179610774225003,0.41011057212156277,-0.7179610774225003,22,0.794804436660829,2022-12-28,7.757497787475586,2026-06-02,87.22000122070312,11.243316287053162,4.171940368759413,0.309659516495505,2023-02-03,2023-02-28,1.0,1.0,0,0.8295912982397688
V8_X80S40D18_R60,80,40,-0.18,60,0.2806765642800735,-0.7126457496284335,0.3938514534415107,843.9102919386057,1002,-0.3610707709918244,-0.48802986161595185,-0.36627152017320264,-0.6167225688401717,0.6475388370201063,-0.6992207245312605,-0.24145313481595354,-0.507120267658622,274.8652786205,-0.7126457496284335,0.4113893975501617,-0.7126457496284335,26,0.8054582603619381,2022-12-28,7.757497787475586,2026-06-02,87.22000122070312,11.243316287053162,4.610817473942201,0.3525047331112896,2023-01-25,2023-02-28,1.0,1.0000000000000002,0,0.8291742097305002
V8_X80S50D18_R80,80,50,-0.18,80,0.27474978245818815,-0.7179610774225003,0.38268060915578783,743.7509365946647,1080,-0.46089435323709826,-0.5680178961208662,-0.380108965030593,-0.6531949879687973,0.6475388370201063,-0.6992207245312605,-0.32513122628410474,-0.5614916416879021,293.5744185015364,-0.7179610774225003,0.41707929413744727,-0.7179610774225003,22,0.7975773496789259,2022-12-28,7.757497787475586,2026-06-02,87.22000122070312,11.243316287053162,5.319109938236927,0.42165152546309453,2023-02-03,2023-02-28,1.0,1.0000000000000002,0,0.8264654712159418
V8_X80S50D15_R80,80,50,-0.15,80,0.25177217002385377,-0.7312925785137645,0.3442837756340158,453.17611385135524,2277,-0.46089435323709826,-0.5680178961208662,-0.3801089650305941,-0.6531949879687973,0.6475388370201061,-0.6992207245312605,-0.16839664613998429,-0.49034666595960474,387.5640889226286,-0.6992207245312605,0.4413456475012971,-0.6992207245312605,31,0.7711617046117922,2022-12-28,7.757497787475586,2026-06-02,87.22000122070312,11.243316287053162,5.319109938236925,0.4216515254630943,2023-02-03,2023-02-28,1.0,1.0000000000000002,0,0.7908087385665301
V8_X120S30D18_R100,120,30,-0.18,100,0.2656051688586978,-0.7969332066724248,0.33328410290208094,611.3168373469089,1170,-0.2517738759391892,-0.40045091868371596,-0.6472315057079496,-0.7969332066724248,0.6475388370201063,-0.6992207245312605,-0.20603495760967583,-0.49034666595960474,305.549377495298,-0.7179610774225003,0.4205456732654411,-0.7179610774225003,25,0.7894045534150613,2022-12-28,7.757497787475586,2026-06-02,87.22000122070312,11.243316287053162,4.7050292606402655,0.36170212427426107,2023-02-03,2023-02-28,1.0,1.0000000000000002,0,0.7768600261546883
V8_X120S30D18_R60,120,30,-0.18,60,0.26232653523627003,-0.7898203252033624,0.33213444484190296,569.6176605525505,1168,-0.34423044073935527,-0.47453580653386795,-0.6348749778640728,-0.7898203252033624,0.6475388370201063,-0.6992207245312605,-0.20605764390561532,-0.49034666595960474,313.88163825770744,-0.7126457496284335,0.42288339041323963,-0.7126457496284335,37,0.7981611208406305,2022-12-28,7.757497787475586,2026-06-02,87.22000122070312,11.243316287053162,5.028305672206219,0.3932618655247146,2023-01-25,2023-02-28,1.0,1.0000000000000002,0,0.7716097193515898
V8_X100S30D18_R100,100,30,-0.18,100,0.26484906020491006,-0.7179610774225001,0.36889055484139255,601.4470707852864,895,-0.4180707858422532,-0.5380240808956194,-0.5133381583239316,-0.7095989728056551,0.6475388370201063,-0.6992207245312605,-0.20603495760967605,-0.49034666595960463,280.09731558170427,-0.7179610774225001,0.4130162129465589,-0.7179610774225001,22,0.7997664915353182,2022-12-28,7.757497787475586,2026-06-02,87.22000122070312,11.243316287053162,4.314381929937653,0.3235653217236688,2023-02-03,2023-02-28,1.0,1.0,0,0.7685065598899307
V8_X120S30D18_R80,120,30,-0.18,80,0.2640461042123674,-0.7969332066724248,0.33132777251795725,591.1338943204674,1170,-0.2517738759391892,-0.40045091868371596,-0.6472315057079496,-0.7969332066724248,0.6475388370201063,-0.6992207245312605,-0.20603495760967583,-0.49034666595960474,295.4284905136302,-0.7179610774225003,0.4176245493149915,-0.7179610774225003,25,0.7880910683012259,2022-12-28,7.757497787475586,2026-06-02,87.22000122070312,11.243316287053162,4.549690274857753,0.34653721269393134,2023-02-03,2023-02-28,1.0,1.0000000000000002,0,0.7641492967452075
V8_X80S40D15_R100,80,40,-0.15,100,0.25648224392391494,-0.6992207245312605,0.36681155881907535,501.9862308862963,2162,-0.28424537094054436,-0.42647013182127613,-0.28625134121636087,-0.5683265607581136,0.6475388370201063,-0.6992207245312605,-0.21690790879756028,-0.4911715570575057,238.1358041744959,-0.6992207245312605,0.3990789409167914,-0.6992207245312605,31,0.7694103911266783,2022-12-28,7.757497787475586,2026-06-02,87.22000122070312,11.243316287053162,4.298355888858252,0.32200078533425197,2023-02-03,2023-02-28,1.0,1.0,0,0.7629351889204767
V8_X100S30D18_R60,100,30,-0.18,60,0.26069346722484443,-0.7126457496284335,0.36581073746776355,549.8835441799807,1087,-0.4805320579934973,-0.5837534705244439,-0.4962397913746246,-0.6993960292004533,0.6475388370201061,-0.6992207245312605,-0.2352310844186709,-0.5030773763421004,277.12808892955155,-0.7126457496284335,0.41209650484842286,-0.7126457496284335,28,0.8089608873321658,2022-12-28,7.757497787475586,2026-06-02,87.22000122070312,11.243316287053162,4.6108174739422045,0.35250473311129,2023-01-25,2023-02-28,1.0,1.0000000000000002,0,0.7609202740686427
V8_X100S30D18_R80,100,30,-0.18,80,0.2632909269883019,-0.7179610774225001,0.3667203352214072,581.5899832302274,895,-0.4180707858422532,-0.5380240808956194,-0.5133381583239316,-0.7095989728056551,0.6475388370201063,-0.6992207245312605,-0.20603495760967605,-0.49034666595960463,270.81674164905536,-0.7179610774225001,0.41011057212156277,-0.7179610774225001,22,0.7984530064214828,2022-12-28,7.757497787475586,2026-06-02,87.22000122070312,11.243316287053162,4.171940368759411,0.3096595164955047,2023-02-03,2023-02-28,1.0,1.0000000000000002,0,0.7562574260285578
V8_X110S20D18_R100,110,20,-0.18,100,0.2658697490886739,-0.7179610774225001,0.3703122041701112,614.8072073563428,875,-0.22223753493752263,-0.3825580141011322,-0.40296302263596884,-0.7011310858465596,0.02713243191752901,-0.6992207245312605,-0.20603495760967494,-0.49034666595960474,174.245744058537,-0.7179610774225001,0.37266676641012,-0.7179610774225001,24,0.7885288966725044,2022-12-28,7.757497787475586,2026-06-02,87.22000122070312,11.243316287053162,4.314381929937652,0.32356532172366875,2023-02-03,2023-02-28,1.0,1.0,0,0.753732159614511
V8_X80S40D15_R60,80,40,-0.15,60,0.25179797479523414,-0.6992207245312605,0.3601122878101661,453.4306290108806,2162,-0.3610707709918244,-0.48802986161595185,-0.2761171221895633,-0.5621974099324104,0.6475388370201063,-0.6992207245312605,-0.25184105191371153,-0.5138700072379756,240.12076496426596,-0.6992207245312605,0.39978821987357027,-0.6992207245312605,35,0.7842965557501459,2022-12-28,7.757497787475586,2026-06-02,87.22000122070312,11.243316287053162,4.593690304524435,0.3508326994712258,2023-01-25,2023-02-28,1.0,1.0,0,0.7498548748359151
V8_X110S30D18_R100,110,30,-0.18,100,0.260898512559,-0.7976496031002274,0.3270841125538894,552.3246830494257,1198,-0.22223753493752263,-0.3825580141011322,-0.665614441096202,-0.7976496031002274,0.6475388370201058,-0.6992207245312605,-0.20603495760967538,-0.49034666595960474,280.09731558170455,-0.7179610774225003,0.4130162129465591,-0.7179610774225003,23,0.7883829538820782,2022-12-28,7.757497787475586,2026-06-02,87.22000122070312,11.243316287053162,4.314381929937657,0.3235653217236692,2023-02-03,2023-02-28,1.0,1.0,0,0.7458947150113036
V8_X100S40D15_R100,100,40,-0.15,100,0.2435130613303358,-0.7404040307930511,0.3288921334875872,378.41044806842456,2478,-0.22693711700116959,-0.3862888694877312,-0.5057105072239626,-0.7154352948055941,0.6475388370201063,-0.6992207245312605,-0.21690790879756117,-0.49117155705750637,240.006740357942,-0.6992207245312605,0.39974762451142665,-0.6992207245312605,33,0.75379451255108,2022-12-28,7.757497787475586,2026-06-02,87.22000122070312,11.243316287053162,5.077658294351804,0.39807989718189996,2023-02-03,2023-02-28,1.0,1.0,0,0.743327775919492
V8_X100S50D18_R100,100,50,-0.18,100,0.25877009081279945,-0.8068220169097162,0.32072760210974255,527.4853699533434,1194,-0.22693711700116959,-0.3862888694877312,-0.6533957007112599,-0.8068220169097162,0.6475388370201061,-0.6992207245312605,-0.3251312262841072,-0.5614916416879037,259.56638696684195,-0.7179610774225001,0.4064606735621501,-0.7179610774225001,23,0.7926152948044367,2022-12-28,7.757497787475586,2026-06-02,87.22000122070312,11.243316287053162,4.705029260640267,0.3617021242742613,2023-02-03,2023-02-28,1.0,1.0000000000000002,0,0.7402638956046798
V8_X110S30D18_R60,110,30,-0.18,60,0.25686968892765494,-0.7905618150636868,0.32492043510470053,506.21932346555474,1194,-0.3039326085980587,-0.4422453966398282,-0.6539018178431619,-0.7905618150636868,0.6475388370201063,-0.6992207245312605,-0.2352310844186709,-0.5030773763421004,277.1280889295514,-0.7126457496284336,0.41209650484842286,-0.7126457496284336,29,0.7975773496789259,2022-12-28,7.757497787475586,2026-06-02,87.22000122070312,11.243316287053162,4.610817473942201,0.3525047331112896,2023-01-25,2023-02-28,1.0,1.0000000000000002,0,0.7368086071132026
V8_X80S40D15_R80,80,40,-0.15,80,0.2477359578166376,-0.6992207245312605,0.354302939150886,415.0159535212227,2254,-0.28424537094054436,-0.42647013182127613,-0.3006867782703745,-0.5770570777032316,0.6475388370201063,-0.6992207245312605,-0.2169079087975596,-0.49117155705750537,236.58213068443783,-0.6992207245312605,0.3985199059884479,-0.6992207245312605,31,0.7699941622883829,2022-12-28,7.757497787475586,2026-06-02,87.22000122070312,11.243316287053162,4.1564434357534115,0.3081466340879209,2023-02-03,2023-02-28,1.0,1.0,0,0.7355496788020555
V8_X110S30D18_R80,110,30,-0.18,80,0.25934524591477937,-0.7976496031002274,0.3251368080756028,534.0893966495557,1198,-0.22223753493752263,-0.3825580141011322,-0.665614441096202,-0.7976496031002274,0.6475388370201058,-0.6992207245312605,-0.20603495760967538,-0.49034666595960474,270.8167416490557,-0.7179610774225003,0.41011057212156277,-0.7179610774225003,23,0.7870694687682428,2022-12-28,7.757497787475586,2026-06-02,87.22000122070312,11.243316287053162,4.171940368759416,0.30965951649550527,2023-02-03,2023-02-28,1.0,1.0000000000000002,0,0.733657747580899
V8_X100S50D18_R60,100,50,-0.18,60,0.25480055764992193,-0.8000555137624628,0.31847859713091414,484.0046189072783,1170,-0.3073498205891392,-0.44498358800208115,-0.6412550879743897,-0.8000555137624628,0.6475388370201063,-0.6992207245312605,-0.34994787846002706,-0.5776167164110173,256.8140282001423,-0.7126457496284334,0.40554523235253526,-0.7126457496284334,29,0.8018096906012843,2022-12-28,7.757497787475586,2026-06-02,87.22000122070312,11.243316287053162,5.02830567220622,0.39326186552471465,2023-01-25,2023-02-28,1.0,1.0,0,0.7322700757117264
V8_X100S40D15_R60,100,40,-0.15,60,0.2380149142039929,-0.7394816046814918,0.3218672549758831,335.3874301501795,2478,-0.3073498205891392,-0.44498358800208115,-0.49869229721292974,-0.711394879437738,0.6475388370201063,-0.6992207245312605,-0.24570420936141735,-0.5098824812808787,236.55997620911188,-0.6992207245312605,0.39851190968873795,-0.6992207245312605,39,0.7745183887915937,2022-12-28,7.757497787475586,2026-06-02,87.22000122070312,11.243316287053162,5.4265375598407415,0.43213910766726754,2023-01-25,2023-02-28,1.0,1.0000000000000002,0,0.7287886646447748
V8_X100S50D18_R80,100,50,-0.18,80,0.25721944611354153,-0.8068220169097162,0.31880568542085846,510.07016638189623,1194,-0.22693711700116959,-0.3862888694877312,-0.6533957007112599,-0.8068220169097162,0.6475388370201061,-0.6992207245312605,-0.3251312262841072,-0.5614916416879037,250.9636523103236,-0.7179610774225001,0.40356851315067677,-0.7179610774225001,23,0.7913018096906013,2022-12-28,7.757497787475586,2026-06-02,87.22000122070312,11.243316287053162,4.549690274857756,0.3465372126939317,2023-02-03,2023-02-28,1.0,1.0000000000000002,0,0.7276089723096516
V8_X110S40D18_R100,110,40,-0.18,100,0.25390472081583226,-0.8405168855334043,0.30208164188718306,474.680749851813,1595,-0.22223753493752263,-0.3825580141011322,-0.7364816025639084,-0.8405168855334043,0.6475388370201063,-0.6992207245312605,-0.2060349576096745,-0.49034666595960474,305.5493774952987,-0.7179610774225003,0.42054567326544134,-0.7179610774225003,23,0.7913018096906013,2022-12-28,7.757497787475586,2026-06-02,87.22000122070312,11.243316287053162,4.70502926064027,0.3617021242742615,2023-02-03,2023-02-28,1.0,1.0,0,0.7272164635905027
V8_X110S20D18_R60,110,20,-0.18,60,0.2573846171165248,-0.7126457496284333,0.36116768710221414,511.89850141630126,997,-0.3039326085980587,-0.4422453966398282,-0.381986737981892,-0.6906306316783493,-0.06699853983383319,-0.6992207245312605,-0.23523108441867036,-0.5030773763420999,156.50397335327318,-0.7126457496284333,0.3637127104386191,-0.7126457496284333,30,0.7964098073555166,2022-12-28,7.757497787475586,2026-06-02,87.22000122070312,11.243316287053162,4.610817473942203,0.3525047331112898,2023-01-25,2023-02-28,1.0,1.0000000000000002,0,0.7228892102830023
V8_X110S20D18_R80,110,20,-0.18,80,0.25985642101384987,-0.7179610774225001,0.3619366413939061,540.0255837742478,959,-0.22223753493752263,-0.3825580141011322,-0.40296302263596884,-0.7011310858465596,-0.06699853983383275,-0.6992207245312605,-0.2060349576096755,-0.49034666595960474,152.92985655796335,-0.7179610774225001,0.3617948233166013,-0.7179610774225001,24,0.7859019264448336,2022-12-28,7.757497787475586,2026-06-02,87.22000122070312,11.243316287053162,4.171940368759412,0.3096595164955048,2023-02-03,2023-02-28,1.0,1.0,0,0.7207854758853711
V8_X110S40D18_R60,110,40,-0.18,60,0.24989824375177005,-0.834930622654432,0.2993042020153572,435.05672555757263,1594,-0.3039326085980587,-0.4422453966398282,-0.7272512646284659,-0.834930622654432,0.6475388370201063,-0.6992207245312605,-0.23523108441867024,-0.5030773763421001,302.3113011018036,-0.7126457496284333,0.4196210643702962,-0.7126457496284333,29,0.8004962054874489,2022-12-28,7.757497787475586,2026-06-02,87.22000122070312,11.243316287053162,5.028305672206222,0.3932618655247148,2023-01-25,2023-02-28,1.0,1.0000000000000002,0,0.7182716177695275
V8_X110S40D18_R80,110,40,-0.18,80,0.25236006963377866,-0.8405168855334043,0.30024390226690956,459.00891825040253,1595,-0.22223753493752263,-0.3825580141011322,-0.7364816025639084,-0.8405168855334043,0.6475388370201063,-0.6992207245312605,-0.2060349576096745,-0.49034666595960474,295.42849051363083,-0.7179610774225003,0.4176245493149917,-0.7179610774225003,23,0.7899883245767659,2022-12-28,7.757497787475586,2026-06-02,87.22000122070312,11.243316287053162,4.549690274857758,0.34653721269393184,2023-02-03,2023-02-28,1.0,1.0,0,0.7145417678417139
V8_X80S30D18_R100,80,30,-0.18,100,0.2575735239187398,-0.7179610774225001,0.35875694660696056,513.9973154482034,1035,-0.35837306589580487,-0.485868206789998,-0.35177686280327625,-0.6079817478918785,0.02713243191752812,-0.6992207245312605,-0.20603495760967583,-0.49034666595960485,174.24574405853681,-0.7179610774225001,0.37266676641011975,-0.7179610774225001,28,0.7946584938704028,2022-12-28,7.757497787475586,2026-06-02,87.22000122070312,11.243316287053162,4.314381929937654,0.3235653217236689,2023-02-03,2023-02-28,1.0,1.0,0,0.7123295581519022
V8_X120S50D15_R100,120,50,-0.15,100,0.21287342735077996,-0.8872634970741438,0.23992131768381686,191.80372043078307,3599,-0.2517738759391892,-0.40045091868371596,-0.7958190661998792,-0.8764201546821021,0.6475388370201065,-0.6992207245312605,-0.2296411092914361,-0.4994451875203353,304.54223037037826,-0.6992207245312605,0.42025907604460877,-0.6992207245312605,34,0.7586106246351431,2022-12-28,7.757497787475586,2026-06-02,87.22000122070312,11.243316287053162,7.875056296630211,0.6711748523590747,2023-02-03,2023-02-28,1.0,1.0000000000000002,0,0.7033205508286342
V8_X120S50D15_R60,120,50,-0.15,60,0.2078599651742261,-0.8867865241815417,0.23439684693683202,171.3409132346129,3599,-0.34423044073935527,-0.47453580653386795,-0.7927801760943831,-0.8745808763411433,0.6475388370201061,-0.6992207245312605,-0.22966312107890996,-0.4994594900827958,309.1154077419834,-0.6992207245312605,0.4215533787287764,-0.6992207245312605,46,0.778604786923526,2022-12-28,7.757497787475586,2026-06-02,87.22000122070312,11.243316287053162,8.347612493403881,0.7173079779534633,2023-01-25,2023-02-28,1.0,1.0,0,0.6939320100871877
V8_X100S40D15_R80,100,40,-0.15,80,0.23533840043590337,-0.783976119285202,0.3001856748525395,316.18849000915867,2543,-0.22693711700116959,-0.3862888694877312,-0.5157074224848454,-0.7211905643098875,0.6475388370201061,-0.6992207245312605,-0.21690790879755917,-0.49117155705750504,240.99606698156745,-0.6992207245312605,0.4000992486110726,-0.6992207245312605,33,0.7571511967308815,2022-12-28,7.757497787475586,2026-06-02,87.22000122070312,11.243316287053162,4.910016767402532,0.3817139545270628,2023-02-03,2023-02-28,1.0,1.0000000000000002,0,0.69362034400311
V8_X120S20D18_R100,120,20,-0.18,100,0.25037727201052795,-0.752319840143121,0.33280695078159345,439.6210012270885,1097,-0.2517738759391892,-0.40045091868371596,-0.5562331837491058,-0.752319840143121,0.027132431917528343,-0.6992207245312605,-0.2060349576096755,-0.49034666595960474,174.24574405853693,-0.7179610774224999,0.37266676641011975,-0.7179610774224999,28,0.7841506129597198,2022-12-28,7.757497787475586,2026-06-02,87.22000122070312,11.243316287053162,4.314381929937653,0.3235653217236688,2023-02-03,2023-02-28,1.0,1.0,0,0.6925250665062879
V8_X100S20D18_R100,100,20,-0.18,100,0.2525250737604592,-0.7179610774225001,0.35172529779334427,460.6589488797198,862,-0.4553407621561779,-0.5676115825087562,-0.3988044139310367,-0.6444051911290216,0.09137639746854265,-0.6992207245312605,-0.20603495760967538,-0.49034666595960474,185.20682482515278,-0.7179610774225001,0.3777823131550466,-0.7179610774225001,25,0.7946584938704028,2022-12-28,7.757497787475586,2026-06-02,87.22000122070312,11.243316287053162,4.314381929937653,0.3235653217236688,2023-02-03,2023-02-28,1.0,1.0,0,0.6894984137063616
V8_X120S50D15_R80,120,50,-0.15,80,0.20634218705152163,-0.9062792347194408,0.22768058579141948,165.57238669832137,3691,-0.2517738759391892,-0.40045091868371596,-0.8001477378731432,-0.8790400691170981,0.6475388370201065,-0.6992207245312605,-0.22964110929143677,-0.49944518752033573,316.27135210626824,-0.6992207245312605,0.4235431404909509,-0.6992207245312605,34,0.7632807939287799,2022-12-28,7.757497787475586,2026-06-02,87.22000122070312,11.243316287053162,7.875056296630214,0.6711748523590749,2023-02-03,2023-02-28,1.0,1.0000000000000002,0,0.6804746717111856
V8_X80S30D18_R60,80,30,-0.18,60,0.24861323616241493,-0.7126457496284335,0.34885949476586287,423.0372559927325,1086,-0.4272419825537449,-0.5410524544201434,-0.32900220468204655,-0.594208586835557,-0.06699853983383341,-0.6992207245312605,-0.24145313481595232,-0.5071202676586211,155.22254357754628,-0.7126457496284335,0.36302983132449906,-0.7126457496284335,32,0.8028312901342674,2022-12-28,7.757497787475586,2026-06-02,87.22000122070312,11.243316287053162,4.610817473942205,0.35250473311129005,2023-01-25,2023-02-28,1.0,1.0000000000000002,0,0.6803798914047205
V8_X120S20D18_R60,120,20,-0.18,60,0.24274464457576528,-0.7436442729052097,0.326425756803626,372.0929145978447,1091,-0.34423044073935527,-0.47453580653386795,-0.5406892303918276,-0.7436442729052097,-0.06699853983383375,-0.6992207245312605,-0.20605764390561343,-0.49034666595960474,162.51223637701148,-0.7126457496284334,0.3668465576334903,-0.7126457496284334,40,0.7915936952714536,2022-12-28,7.757497787475586,2026-06-02,87.22000122070312,11.243316287053162,4.610817473942208,0.3525047331112903,2023-01-25,2023-02-28,1.0,1.0,0,0.6665426257839141
V8_X100S20D18_R60,100,20,-0.18,60,0.24401204727075232,-0.7126457496284335,0.3424030065400345,382.56805452745544,1092,-0.5138016678075485,-0.6104122082486889,-0.37768202080584823,-0.6319117305642796,-0.008642176230299281,-0.6992207245312605,-0.2352310844186709,-0.5030773763421004,166.35536108461463,-0.7126457496284335,0.36879488791068216,-0.7126457496284335,31,0.8025394045534151,2022-12-28,7.757497787475586,2026-06-02,87.22000122070312,11.243316287053162,4.610817473942204,0.3525047331112899,2023-01-25,2023-02-28,1.0,1.0,0,0.6619230363132743
V8_X80S30D18_R80,80,30,-0.18,80,0.24450875960309926,-0.7179610774225,0.34055990957182863,386.7504010671004,1088,-0.35837306589580487,-0.485868206789998,-0.3517768628032758,-0.6079817478918784,-0.06699853983383375,-0.6992207245312605,-0.2060349576096746,-0.49034666595960485,152.92985655796352,-0.7179610774225,0.3617948233166013,-0.7179610774225,28,0.7904261529480444,2022-12-28,7.757497787475586,2026-06-02,87.22000122070312,11.243316287053162,4.171940368759415,0.30965951649550516,2023-02-03,2023-02-28,1.0,1.0000000000000002,0,0.661754283820722
V8_X120S20D18_R80,120,20,-0.18,80,0.2444375386696247,-0.752319840143121,0.3249117272025193,386.1480232932224,1097,-0.2517738759391892,-0.40045091868371596,-0.5562331837491058,-0.752319840143121,-0.0669985398338333,-0.6992207245312605,-0.20603495760967527,-0.49034666595960474,152.92985655796346,-0.7179610774224999,0.3617948233166013,-0.7179610774224999,28,0.781523642732049,2022-12-28,7.757497787475586,2026-06-02,87.22000122070312,11.243316287053162,4.171940368759413,0.309659516495505,2023-02-03,2023-02-28,1.0,1.0,0,0.6597623696119503
V8_X80S50D12_R60,80,50,-0.12,60,0.21920204223046524,-0.7265450592192,0.3017046767423293,221.01279615196046,2276,-0.5187591651446192,-0.6143846209705777,-0.3583297263954279,-0.6410103479420679,0.6475388370201063,-0.6992207245312605,-0.20549383981953806,-0.49034666595960474,207.60195053808496,-0.6992207245312605,0.38740974399790074,-0.6992207245312605,44,0.7676590776415645,2022-12-28,7.757497787475586,2026-06-02,87.22000122070312,11.243316287053162,5.8786662514870605,0.47627800555698496,2023-01-25,2023-02-28,1.0,1.0000000000000002,0,0.6571173935539133
V8_X100S20D18_R80,100,20,-0.18,80,0.2465751376032146,-0.7179610774225001,0.34343802938235324,404.6270356186896,890,-0.4553407621561779,-0.5676115825087562,-0.3988044139310367,-0.6444051911290216,-0.008642176230299392,-0.6992207245312605,-0.20603495760967505,-0.49034666595960474,162.55769430768825,-0.7179610774225001,0.36686985335750055,-0.7179610774225001,25,0.792031523642732,2022-12-28,7.757497787475586,2026-06-02,87.22000122070312,11.243316287053162,4.171940368759411,0.3096595164955047,2023-02-03,2023-02-28,1.0,1.0000000000000002,0,0.6566615897263373
V8_X100S50D15_R100,100,50,-0.15,100,0.22967631182276937,-0.8162136008442739,0.28139240951779915,279.00062367944116,2579,-0.22693711700116959,-0.3862888694877312,-0.6385295703965449,-0.7985364616628622,0.6475388370201063,-0.6992207245312605,-0.16009604826113966,-0.49034666595960474,241.9852142707999,-0.6992207245312605,0.4004494625488948,-0.6992207245312605,35,0.7514594279042616,2022-12-28,7.757497787475586,2026-06-02,87.22000122070312,11.243316287053162,4.7170455634502835,0.3628752114340519,2023-02-03,2023-02-28,1.0,1.0,0,0.6555612042556183
V8_X80S50D12_R100,80,50,-0.12,100,0.21937095570076504,-0.7390669829517417,0.2968214800025631,221.84830299799694,2975,-0.46089435323709826,-0.5680178961208662,-0.36731298500677034,-0.6460361330156326,0.6475388370201063,-0.6992207245312605,-0.16839664613998384,-0.49034666595960474,194.88554370821785,-0.6992207245312605,0.38206959033212073,-0.6992207245312605,40,0.7501459427904261,2022-12-28,7.757497787475586,2026-06-02,87.22000122070312,11.243316287053162,5.500719035374251,0.43938104704067826,2023-02-03,2023-02-28,1.0,1.0000000000000002,0,0.6406038442670636
V8_X100S50D15_R60,100,50,-0.15,60,0.22426968031174077,-0.8154360254525317,0.27503038044864503,247.44686304062108,2579,-0.3073498205891392,-0.44498358800208115,-0.6331496904464091,-0.7955380154226748,0.6475388370201063,-0.6992207245312605,-0.1909814663502245,-0.49034666595960474,238.51015492598435,-0.6992207245312605,0.39921312813475196,-0.6992207245312605,41,0.7721833041447752,2022-12-28,7.757497787475586,2026-06-02,87.22000122070312,11.243316287053162,5.041147599478382,0.3945155539701641,2023-01-25,2023-02-28,1.0,1.0,0,0.6403238668313029
V8_X110S40D15_R100,110,40,-0.15,100,0.21835570421715644,-0.8482703522157731,0.2574128680164147,216.87193869114103,3394,-0.22223753493752263,-0.3825580141011322,-0.7251790917622574,-0.8336765296361399,0.6475388370201061,-0.6992207245312605,-0.21690790879756017,-0.4911715570575056,245.9271714886832,-0.6992207245312605,0.4018319725479369,-0.6992207245312605,35,0.75,2022-12-28,7.757497787475586,2026-06-02,87.22000122070312,11.243316287053162,5.202393088874555,0.41025708580199627,2023-02-03,2023-02-28,1.0,1.0000000000000002,0,0.6286173110922124
V8_X120S30D15_R100,120,30,-0.15,100,0.2203036054629166,-0.8068055472122164,0.2730566320771336,226.51658494636538,2576,-0.2517738759391892,-0.40045091868371596,-0.6321009882336042,-0.7882235125965179,0.6475388370201058,-0.6992207245312605,-0.21690790879756106,-0.49117155705750615,199.26303212694089,-0.6992207245312605,0.3839436891437247,-0.6992207245312605,37,0.749124343257443,2022-12-28,7.757497787475586,2026-06-02,87.22000122070312,11.243316287053162,5.077658294351805,0.39807989718190007,2023-02-03,2023-02-28,1.0,1.0,0,0.6269861699399639
V8_X110S50D15_R100,110,50,-0.15,100,0.21498122688971688,-0.8491001621804348,0.2531871226330459,201.09248819257755,3485,-0.22223753493752263,-0.3825580141011322,-0.7266871857538334,-0.8345861532665944,0.6475388370201061,-0.6992207245312605,-0.16009604826113955,-0.49034666595960474,229.22429102449854,-0.6992207245312605,0.3958249385084365,-0.6992207245312605,35,0.75379451255108,2022-12-28,7.757497787475586,2026-06-02,87.22000122070312,11.243316287053162,5.442482500936755,0.43369572670051626,2023-02-03,2023-02-28,1.0,1.0000000000000002,0,0.6207198057601309
V8_X120S40D18_R100,120,40,-0.18,100,0.2288868069618255,-0.8873496393045119,0.25794432862025246,274.1625760833822,2100,-0.2517738759391892,-0.40045091868371596,-0.8138711674082182,-0.8873496393045119,0.6475388370201061,-0.6992207245312605,-0.32513122628410707,-0.5614916416879037,259.5663869668421,-0.7179610774225,0.4064606735621501,-0.7179610774225,25,0.792031523642732,2022-12-28,7.757497787475586,2026-06-02,87.22000122070312,11.243316287053162,4.705029260640271,0.3617021242742616,2023-02-03,2023-02-28,1.0,1.0,0,0.6184330838209104
V8_X80S20D18_R60,80,20,-0.18,60,0.2333343034005546,-0.7286880718567743,0.32021150395119563,302.5106185309434,1108,-0.5041771857457622,-0.5382182135232985,-0.3409957153605927,-0.6014617606626693,-0.20360488969675228,-0.716012534815734,-0.24145313481595243,-0.5071202676586214,132.34906228564284,-0.7286880718567743,0.3498634925654054,-0.7286880718567743,34,0.7983070636310566,2022-12-28,7.757497787475586,2026-06-02,87.22000122070312,11.243316287053162,4.610817473942202,0.3525047331112897,2023-01-25,2023-02-28,1.0,1.0000000000000002,0,0.6181265239429388
V8_X120S30D15_R60,120,30,-0.15,60,0.21562427912693716,-0.8059881676183022,0.26752784692126147,204.0115636826111,2576,-0.34423044073935527,-0.47453580653386795,-0.6266254296402,-0.7850715754387756,0.6475388370201061,-0.6992207245312605,-0.2169302844161073,-0.49118609602587615,203.92909205793373,-0.6992207245312605,0.3858994571001453,-0.6992207245312605,49,0.7694103911266783,2022-12-28,7.757497787475586,2026-06-02,87.22000122070312,11.243316287053162,5.426537559840744,0.4321391076672678,2023-01-25,2023-02-28,1.0,1.0000000000000002,0,0.6151880805242211
V8_X110S40D15_R60,110,40,-0.15,60,0.21294810594702973,-0.8476284046023659,0.2512281381685488,192.1256367467096,3391,-0.3039326085980587,-0.4422453966398282,-0.7210888443366836,-0.8312010842603472,0.6475388370201063,-0.6992207245312605,-0.2457042093614178,-0.5098824812808789,242.39573614046353,-0.6992207245312605,0.4005944176365641,-0.6992207245312605,41,0.7707238762405137,2022-12-28,7.757497787475586,2026-06-02,87.22000122070312,11.243316287053162,5.559842719081112,0.44515297500326484,2023-01-25,2023-02-28,1.0,1.0,0,0.614242405423327
V8_X80S20D18_R100,80,20,-0.18,100,0.234238732983568,-0.7315660293174178,0.3201880945758549,308.61121935162083,1154,-0.5404634709011107,-0.5718213976205597,-0.363363295981295,-0.6149887382659913,-0.12325619911964814,-0.713729670801313,-0.20603495760967538,-0.49034666595960474,148.58696168044247,-0.7315660293174178,0.3594073386011605,-0.7315660293174178,31,0.7914477524810274,2022-12-28,7.757497787475586,2026-06-02,87.22000122070312,11.243316287053162,4.314381929937644,0.323565321723668,2023-02-03,2023-02-28,1.0,1.0,0,0.6134079057349044
V8_X100S50D15_R80,100,50,-0.15,80,0.22154794139955025,-0.8472136217640074,0.2615018641204789,232.89253073744732,3160,-0.22693711700116959,-0.3862888694877312,-0.6461928070182307,-0.8028075240748365,0.6475388370201063,-0.6992207245312605,-0.16009604826113844,-0.49034666595960474,242.98266248020803,-0.6992207245312605,0.4008012629540141,-0.6992207245312605,35,0.7548161120840631,2022-12-28,7.757497787475586,2026-06-02,87.22000122070312,11.243316287053162,4.5613098531868035,0.3476715697716033,2023-02-03,2023-02-28,1.0000000000000002,1.0000000000000002,0,0.6132911525960033
V8_X120S40D18_R60,120,40,-0.18,60,0.22570329467647654,-0.8834038013368951,0.2554927818228872,255.46138378494362,2079,-0.34423044073935527,-0.47453580653386795,-0.8073515769694963,-0.8834038013368951,0.6475388370201061,-0.6992207245312605,-0.32515050959244407,-0.5615041713710228,266.6487927439008,-0.7126457496284333,0.40877521176825526,-0.7126457496284333,37,0.8007880910683012,2022-12-28,7.757497787475586,2026-06-02,87.22000122070312,11.243316287053162,5.028305672206222,0.3932618655247148,2023-01-25,2023-02-28,1.0,1.0,0,0.6116508917046818
V8_X110S50D15_R60,110,50,-0.15,60,0.2095886060335712,-0.8484617253807297,0.2470218747221893,178.1467098608881,3482,-0.3039326085980587,-0.4422453966398282,-0.7226193837732088,-0.8321242461100611,0.6475388370201061,-0.6992207245312605,-0.1909814663502245,-0.49034666595960474,225.93173235450186,-0.6992207245312605,0.39459268668232905,-0.6992207245312605,41,0.7745183887915937,2022-12-28,7.757497787475586,2026-06-02,87.22000122070312,11.243316287053162,5.816428360876822,0.47020205428631073,2023-01-25,2023-02-28,1.0,1.0,0,0.6069504298155646
V8_X120S40D18_R80,120,40,-0.18,80,0.22737297466861217,-0.8873496393045119,0.25623831305867534,265.11095617857467,2100,-0.2517738759391892,-0.40045091868371596,-0.8138711674082182,-0.8873496393045119,0.6475388370201061,-0.6992207245312605,-0.32513122628410707,-0.5614916416879037,250.9636523103238,-0.7179610774225,0.403568513150677,-0.7179610774225,25,0.7907180385288967,2022-12-28,7.757497787475586,2026-06-02,87.22000122070312,11.243316287053162,4.549690274857758,0.34653721269393184,2023-02-03,2023-02-28,1.0,1.0,0,0.6058701915409941
V8_X80S40D12_R100,80,40,-0.12,100,0.2184903610825344,-0.6992207245312605,0.3124769524373075,217.52573435696155,2267,-0.28424537094054436,-0.42647013182127613,-0.28625134121636187,-0.5683265607581138,0.5730053196179596,-0.6992207245312605,-0.2169079087975594,-0.49117155705750515,127.23608489132289,-0.6992207245312605,0.3466315083844136,-0.6992207245312605,43,0.7460595446584939,2022-12-28,7.757497787475586,2026-06-02,87.22000122070312,11.243316287053162,4.298355888858257,0.32200078533425247,2023-02-03,2023-02-28,1.0,1.0000000000000002,0,0.6050185627781721
V8_X80S20D18_R80,80,20,-0.18,80,0.22892528259379197,-0.7337066572114602,0.31201200145007524,274.39646783636283,1136,-0.44446180490893883,-0.48269317432993064,-0.3633632959812949,-0.614988738265991,-0.20360488969675217,-0.7160125348157339,-0.2060349576096756,-0.49034666595960474,130.39206134855272,-0.7337066572114602,0.3486404142551769,-0.7337066572114602,28,0.7857559836544075,2022-12-28,7.757497787475586,2026-06-02,87.22000122070312,11.243316287053162,4.17194036875941,0.30965951649550466,2023-02-03,2023-02-28,1.0,1.0000000000000002,0,0.5989852380318295
V8_X80S50D12_R80,80,50,-0.12,80,0.21254108500159563,-0.7732490351175334,0.2748675722166139,190.3773859436616,3152,-0.46089435323709826,-0.5680178961208662,-0.3801089650305942,-0.6531949879687976,0.6475388370201061,-0.6992207245312605,-0.1683966461399844,-0.49034666595960474,192.43788128502288,-0.6992207245312605,0.3810044841133442,-0.6992207245312605,40,0.7536485697606539,2022-12-28,7.757497787475586,2026-06-02,87.22000122070312,11.243316287053162,5.319109938236922,0.42165152546309403,2023-02-03,2023-02-28,1.0,1.0000000000000002,0,0.5972455788132682
V8_X110S40D15_R80,110,40,-0.15,80,0.21030216494352505,-0.8738632267541622,0.24065798686215673,181.03133240930572,3482,-0.22223753493752263,-0.3825580141011322,-0.7310053433057724,-0.8372026164326072,0.6475388370201063,-0.6992207245312605,-0.21690790879755917,-0.49117155705750504,246.94080133358872,-0.6992207245312605,0.40218412024697225,-0.6992207245312605,35,0.7533566841798015,2022-12-28,7.757497787475586,2026-06-02,87.22000122070312,11.243316287053162,5.030633377871667,0.39348910693757516,2023-02-03,2023-02-28,1.0,1.0000000000000002,0,0.588961166548315
V8_X80S40D12_R60,80,40,-0.12,60,0.21402964231119848,-0.6992207245312606,0.3060973950030992,196.8465613603707,2249,-0.3610707709918244,-0.48802986161595185,-0.2761171221895632,-0.5621974099324105,0.42884813530115884,-0.6992207245312606,-0.251841051913711,-0.5138700072379752,123.04581304787747,-0.6992207245312606,0.34389128301554894,-0.6992207245312606,47,0.7622591943957968,2022-12-28,7.757497787475586,2026-06-02,87.22000122070312,11.243316287053162,4.5936903045244355,0.3508326994712259,2023-01-25,2023-02-28,1.0,1.0000000000000002,0,0.5883577193962003
V8_X110S50D12_R100,110,50,-0.12,100,0.20930907032196044,-0.8345861532665942,0.25079384495263757,177.0287767411572,2177,-0.22223753493752263,-0.3825580141011322,-0.7266871857538333,-0.8345861532665942,0.6475388370201061,-0.6992207245312605,-0.19837267734205521,-0.49034666595960474,172.62093600797374,-0.6992207245312605,0.37188302910423965,-0.6992207245312605,38,0.7454757734967893,2022-12-28,7.757497787475586,2026-06-02,87.22000122070312,11.243316287053162,5.4424825009367535,0.4336957267005161,2023-02-03,2023-02-28,1.0,1.0,0,0.5857918279583159
V8_X120S30D15_R80,120,30,-0.15,80,0.21223719022939136,-0.8393924639019719,0.25284619454741425,189.08208887294427,3405,-0.2517738759391892,-0.40045091868371596,-0.6399005119267128,-0.7927132113407905,0.6475388370201063,-0.6992207245312605,-0.21690790879755983,-0.49117155705750537,200.08510685031507,-0.6992207245312605,0.3842913432101678,-0.6992207245312605,37,0.7524810274372447,2022-12-28,7.757497787475586,2026-06-02,87.22000122070312,11.243316287053162,4.910016767402528,0.38171395452706236,2023-02-03,2023-02-28,1.0,1.0,0,0.5835864326273239
V8_X110S50D15_R80,110,50,-0.15,80,0.2069499934875072,-0.8745530692001061,0.2366351463116929,167.85961934360571,3559,-0.22223753493752263,-0.3825580141011322,-0.7324814654397397,-0.8380929558822657,0.6475388370201061,-0.6992207245312605,-0.16009604826113888,-0.49034666595960474,230.169355964082,-0.6992207245312605,0.39617557720834995,-0.6992207245312605,35,0.7571511967308815,2022-12-28,7.757497787475586,2026-06-02,87.22000122070312,11.243316287053162,5.262796113243694,0.41615390892806575,2023-02-03,2023-02-28,1.0,1.0,0,0.580923753613326
V8_X120S30D10_R100,120,30,-0.1,100,0.21249026683580885,-0.7882235125965179,0.2695812335460996,190.16018905634104,1380,-0.2517738759391892,-0.40045091868371596,-0.6321009882336044,-0.7882235125965179,0.6475388370201061,-0.6992207245312605,-0.08213597162982378,-0.41786163736418147,146.3997138357191,-0.6992207245312605,0.35818016473330094,-0.6992207245312605,52,0.7216870986573263,2022-12-28,7.757497787475586,2026-06-02,87.22000122070312,11.243316287053162,4.823428201931846,0.3732607775437329,2023-02-03,2023-02-28,1.0,1.0000000000000002,0,0.5780700212449617
V8_X120S50D12_R100,120,50,-0.12,100,0.2050778832011777,-0.876420154682102,0.23399494193006576,160.9104757968681,2185,-0.2517738759391892,-0.40045091868371596,-0.795819066199879,-0.876420154682102,0.6475388370201061,-0.6992207245312605,-0.2296411092914361,-0.4994451875203353,217.49353278036077,-0.6992207245312605,0.3913563508179263,-0.6992207245312605,37,0.7521891418563923,2022-12-28,7.757497787475586,2026-06-02,87.22000122070312,11.243316287053162,5.6159748330574395,0.450632852066836,2023-02-03,2023-02-28,1.0,1.0,0,0.5779225583959491
V8_X110S50D12_R60,110,50,-0.12,60,0.20422977775734807,-0.8321242461100611,0.2454318314987971,157.85436438383834,2176,-0.3039326085980587,-0.4422453966398282,-0.7226193837732089,-0.8321242461100611,0.6475388370201061,-0.6992207245312605,-0.22785056580854934,-0.49828174906570966,171.25702596304217,-0.6992207245312605,0.3712198041253556,-0.6992207245312605,44,0.7679509632224168,2022-12-28,7.757497787475586,2026-06-02,87.22000122070312,11.243316287053162,5.816428360876826,0.4702020542863112,2023-01-25,2023-02-28,1.0,1.0,0,0.5744915136555064
V8_X120S50D12_R60,120,50,-0.12,60,0.20045694079756116,-0.8745808763411433,0.22920343471970672,144.92359483525158,2181,-0.34423044073935527,-0.47453580653386795,-0.7927801760943831,-0.8745808763411433,0.6475388370201063,-0.6992207245312605,-0.22966312107891018,-0.4994594900827959,222.58435712102616,-0.6992207245312605,0.3933225942339247,-0.6992207245312605,49,0.7724751897256276,2022-12-28,7.757497787475586,2026-06-02,87.22000122070312,11.243316287053162,6.001841124402978,0.4883029074016739,2023-01-25,2023-02-28,1.0,1.0,0,0.5681088393707959
V8_X110S40D12_R60,110,40,-0.12,60,0.20189271212165472,-0.8683302075684483,0.23250683940503133,149.71939788194868,3480,-0.3039326085980587,-0.4422453966398282,-0.7210888443366839,-0.8312010842603473,0.6475388370201063,-0.6992207245312605,-0.24570420936141724,-0.5098824812808787,218.49446940020505,-0.6992207245312605,0.3917463179926701,-0.6992207245312605,47,0.7570052539404554,2022-12-28,7.757497787475586,2026-06-02,87.22000122070312,11.243316287053162,5.559842719081115,0.44515297500326517,2023-01-25,2023-02-28,1.0,1.0000000000000002,0,0.5646002096558714
V8_X110S40D12_R100,110,40,-0.12,100,0.20320483353424024,-0.8744443396147008,0.23238166722398443,154.23559786190933,3482,-0.22223753493752263,-0.3825580141011322,-0.7251790917622569,-0.8336765296361397,0.6475388370201065,-0.6992207245312605,-0.21690790879755983,-0.49117155705750537,211.21901485648115,-0.6992207245312605,0.38887288742620973,-0.6992207245312605,41,0.7354057209573847,2022-12-28,7.757497787475586,2026-06-02,87.22000122070312,11.243316287053162,5.202393088874558,0.4102570858019966,2023-02-03,2023-02-28,1.0,1.0000000000000002,0,0.560793539169439
V8_X100S40D12_R60,100,40,-0.12,60,0.2050999485496794,-0.7640622627811325,0.268433553835168,160.99074312107373,2988,-0.3073498205891392,-0.44498358800208115,-0.4986922972129293,-0.711394879437738,0.6475388370201063,-0.6992207245312605,-0.22162110864780005,-0.49423404506883495,124.91236485538514,-0.6992207245312605,0.345122479799691,-0.6992207245312605,48,0.7568593111500291,2022-12-28,7.757497787475586,2026-06-02,87.22000122070312,11.243316287053162,5.154839650020122,0.40561469875449907,2023-01-25,2023-02-28,1.0,1.0000000000000002,0,0.559631029567863
V8_X120S50D10_R100,120,50,-0.1,100,0.20532054291253754,-0.8764201546821021,0.23427181793532814,161.79532445349986,2310,-0.2517738759391892,-0.40045091868371596,-0.7958190661998794,-0.8764201546821021,0.6475388370201061,-0.6992207245312605,-0.22964110929143633,-0.4994451875203355,176.9874959314519,-0.6992207245312605,0.3739739326737155,-0.6992207245312605,43,0.7438704028021016,2022-12-28,7.757497787475586,2026-06-02,87.22000122070312,11.243316287053162,5.615974833057445,0.45063285206683656,2023-02-03,2023-02-28,1.0,1.0000000000000002,0,0.557670305901296
V8_X100S40D12_R100,100,40,-0.12,100,0.20610632874799095,-0.7748662158662273,0.265989566363509,164.69293996016143,3160,-0.22693711700116959,-0.3862888694877312,-0.5057105072239625,-0.7154352948055942,0.6475388370201061,-0.6992207245312605,-0.19190540191030658,-0.4749257198283675,119.94789823241477,-0.6992207245312605,0.34180895644399945,-0.6992207245312605,42,0.7335084646818447,2022-12-28,7.757497787475586,2026-06-02,87.22000122070312,11.243316287053162,4.823428201931842,0.37326077754373244,2023-02-03,2023-02-28,1.0,1.0,0,0.5526436491191117
V8_X80S30D15_R100,80,30,-0.15,100,0.2091234159239166,-0.6992207245312605,0.29908068881125843,176.29003629992056,2165,-0.35837306589580487,-0.485868206789998,-0.3285316294461256,-0.5939505891751213,0.02713243191752812,-0.6992207245312605,-0.21690790879756006,-0.4911715570575056,105.68881596052978,-0.6992207245312605,0.3315282358013081,-0.6992207245312605,40,0.7558377116170462,2022-12-28,7.757497787475586,2026-06-02,87.22000122070312,11.243316287053162,4.298355888858253,0.322000785334252,2023-02-03,2023-02-28,1.0,1.0000000000000002,0,0.5515976577881567
V8_X110S20D10_R60,110,20,-0.1,60,0.21461165943931038,-0.7390441746647896,0.29039084103010815,199.43312105655306,1372,-0.3039326085980587,-0.4422453966398282,-0.4787002936555609,-0.7390441746647896,-0.06699853983383341,-0.6992207245312605,-0.09404105450012823,-0.41786163736418147,115.49658692346253,-0.6992207245312605,0.33872752859457633,-0.6992207245312605,56,0.7246059544658494,2022-12-28,7.757497787475586,2026-06-02,87.22000122070312,11.243316287053162,3.962793819283022,0.2892416612213553,2023-01-25,2023-02-28,1.0,1.0,0,0.549313388945642
V8_X80S40D12_R80,80,40,-0.12,80,0.2073969438396468,-0.7234679073427754,0.28667055129148,169.56092333232783,2975,-0.28424537094054436,-0.42647013182127613,-0.30068677827037427,-0.5770570777032314,0.4288481353011584,-0.6992207245312605,-0.21690790879756094,-0.49117155705750615,114.02845105889116,-0.6992207245312605,0.3376869349766627,-0.6992207245312605,43,0.7482486865148862,2022-12-28,7.757497787475586,2026-06-02,87.22000122070312,11.243316287053162,4.156443435753415,0.30814663408792126,2023-02-03,2023-02-28,1.0,1.0000000000000002,0,0.5483666280991029
V8_X110S50D12_R80,110,50,-0.12,80,0.20088988955464648,-0.8535608795014786,0.23535508055614734,146.35393579213616,3598,-0.22223753493752263,-0.3825580141011322,-0.7324814654397396,-0.8380929558822658,0.6475388370201065,-0.6992207245312605,-0.19837267734205644,-0.49034666595960474,171.6598517320649,-0.6992207245312605,0.3714161966145084,-0.6992207245312605,38,0.75,2022-12-28,7.757497787475586,2026-06-02,87.22000122070312,11.243316287053162,5.262796113243698,0.4161539089280661,2023-02-03,2023-02-28,1.0,1.0000000000000002,0,0.5476079414028097
V8_X100S20D10_R60,100,20,-0.1,60,0.2115598668452412,-0.6992207245312605,0.30256521213250004,186.22559454376963,1354,-0.5138016678075485,-0.6104122082486889,-0.3776820208058477,-0.6319117305642795,-0.008642176230299503,-0.6992207245312605,-0.02749942948879247,-0.41786163736418136,119.88116333569327,-0.6992207245312605,0.34176355062080765,-0.6992207245312605,55,0.7333625218914186,2022-12-28,7.757497787475586,2026-06-02,87.22000122070312,11.243316287053162,4.306297359195488,0.3227760684666564,2023-01-25,2023-02-28,1.0000000000000002,1.0000000000000002,0,0.5453337116794709
V8_X120S50D12_R80,120,50,-0.12,80,0.19711211259202588,-0.8900498627033296,0.22146187629684186,134.31815110763395,3611,-0.2517738759391892,-0.40045091868371596,-0.800147737873143,-0.8790400691170981,0.6475388370201063,-0.6992207245312605,-0.22964110929143677,-0.49944518752033573,218.39044325161262,-0.6992207245312605,0.39170586698468024,-0.6992207245312605,37,0.7555458260361938,2022-12-28,7.757497787475586,2026-06-02,87.22000122070312,11.243316287053162,5.430560505872461,0.4325318462998532,2023-02-03,2023-02-28,1.0,1.0000000000000002,0,0.5445958598430551
V8_X100S30D15_R100,100,30,-0.15,100,0.20587864608341366,-0.7296112453059173,0.28217581267828623,163.84824733258333,2478,-0.4180707858422532,-0.5380240808956194,-0.5032923359887992,-0.7036044261301091,0.3406920171366179,-0.6992207245312605,-0.21690790879755928,-0.49117155705750504,136.9536035646594,-0.6992207245312605,0.35267603846724027,-0.6992207245312605,37,0.7589025102159953,2022-12-28,7.757497787475586,2026-06-02,87.22000122070312,11.243316287053162,4.298355888858257,0.32200078533425247,2023-02-03,2023-02-28,1.0,1.0000000000000002,0,0.5417171351388324
V8_X100S40D10_R100,100,40,-0.1,100,0.2156477378209165,-0.7154352948055942,0.30142172099506864,204.11882019370896,1354,-0.22693711700116959,-0.3862888694877312,-0.5057105072239627,-0.7154352948055942,0.6475388370201061,-0.6992207245312605,-0.19190540191030825,-0.4749257198283686,100.98518081940104,-0.6992207245312605,0.3278522589377155,-0.6992207245312605,45,0.7269410391126678,2022-12-28,7.757497787475586,2026-06-02,87.22000122070312,11.243316287053162,3.2814386743329136,0.22272461480238515,2023-02-03,2023-02-28,1.0,1.0000000000000002,0,0.5397484844177616
V8_X100S40D10_R60,100,40,-0.1,60,0.21457071171276687,-0.7113948794377378,0.3016197022423836,199.25007851054949,1346,-0.3073498205891392,-0.44498358800208115,-0.49869229721292907,-0.7113948794377378,0.6475388370201063,-0.6992207245312605,-0.22162110864779916,-0.4942340450688345,105.02216153557083,-0.6992207245312605,0.3310165976566031,-0.6992207245312605,51,0.75,2022-12-28,7.757497787475586,2026-06-02,87.22000122070312,11.243316287053162,3.501975983008799,0.24425448877050907,2023-01-25,2023-02-28,1.0000000000000002,1.0000000000000002,0,0.5388718662483468
V8_X120S50D10_R80,120,50,-0.1,80,0.1989688496859947,-0.8790400691170981,0.22634787272648182,140.10932483381652,2244,-0.2517738759391892,-0.40045091868371596,-0.8001477378731431,-0.8790400691170981,0.6475388370201063,-0.6992207245312605,-0.22964110929143688,-0.49944518752033573,184.4040850663329,-0.6992207245312605,0.37741739641910654,-0.6992207245312605,43,0.7494162288382954,2022-12-28,7.757497787475586,2026-06-02,87.22000122070312,11.243316287053162,5.43056050587246,0.4325318462998531,2023-02-03,2023-02-28,1.0,1.0000000000000002,0,0.5381469243717161
V8_X110S20D12_R60,110,20,-0.12,60,0.1949184659211558,-0.8023079164288639,0.24294720509396608,127.77304531465924,3391,-0.3039326085980587,-0.4422453966398282,-0.4787002936555613,-0.73904417466479,-0.06699853983383319,-0.6992207245312605,-0.09404105450012912,-0.41786163736418136,102.19469607293684,-0.6992207245312605,0.32881248182883493,-0.6992207245312605,53,0.7349678925861063,2022-12-28,7.757497787475586,2026-06-02,87.22000122070312,11.243316287053162,6.410167065539176,0.5281655778194851,2023-01-25,2023-02-28,1.0,1.0000000000000002,0,0.5370106618704703
V8_X120S50D10_R60,120,50,-0.1,60,0.19820498694712163,-0.8745808763411433,0.22662853980563005,137.69828979219233,2244,-0.34423044073935527,-0.47453580653386795,-0.7927801760943833,-0.8745808763411433,0.6475388370201063,-0.6992207245312605,-0.22966312107890885,-0.499459490082795,171.10762893866803,-0.6992207245312605,0.3711468579321979,-0.6992207245312605,55,0.7654699357851722,2022-12-28,7.757497787475586,2026-06-02,87.22000122070312,11.243316287053162,6.001841124402978,0.4883029074016739,2023-01-25,2023-02-28,1.0,1.0000000000000002,0,0.535868071182625
V8_X100S20D12_R60,100,20,-0.12,60,0.18850017091531912,-0.7196143249711031,0.2619461069273302,110.3397384207284,2284,-0.5138016678075485,-0.6104122082486889,-0.3776820208058478,-0.6319117305642793,-0.008642176230299614,-0.6992207245312605,-0.0940410545001279,-0.41786163736418147,105.28732447254498,-0.6992207245312605,0.3312204633169793,-0.6992207245312605,52,0.7446001167542323,2022-12-28,7.757497787475586,2026-06-02,87.22000122070312,11.243316287053162,6.4101670655391745,0.5281655778194849,2023-01-25,2023-02-28,1.0,1.0,0,0.5357026151216481
