date,reason,target,price,notional,fee,campaign_full_date,start_date,age_td,policy
1990-04-09,INITIAL,0.25,0.4058396556238089,0.2500769841292548,0.00012503849206462738,1988-04-08,1990-04-06,505,HOLD25
1990-09-18,BASE_V7_EXIT,0.0,0.2518509941002334,-0.1551897065301132,7.75948532650566e-05,1988-04-08,1990-04-06,505,HOLD25
1990-04-09,INITIAL,0.5,0.4058396556238089,0.5001539682585096,0.00025007698412925477,1988-04-08,1990-04-06,505,HOLD50
1990-09-18,BASE_V7_EXIT,0.0,0.2518509941002334,-0.3103794130602264,0.0001551897065301132,1988-04-08,1990-04-06,505,HOLD50
1990-04-09,INITIAL,1.0,0.4058396556238089,0.9998080325007688,0.0004999040162503844,1988-04-08,1990-04-06,505,HOLD100
1990-09-18,BASE_V7_EXIT,0.0,0.2518509941002334,-0.6204486018195431,0.00031022430090977155,1988-04-08,1990-04-06,505,HOLD100
1990-04-09,INITIAL,0.25,0.4058396556238089,0.2500769841292548,0.00012503849206462738,1988-04-08,1990-04-06,505,I25_X60_3D
1990-04-25,EARLY_EXIT_MA60_3D,0.0,0.3657846928080985,-0.225395255368753,0.0001126976276843765,1988-04-08,1990-04-06,505,I25_X60_3D
1990-04-09,INITIAL,0.25,0.4058396556238089,0.2500769841292548,0.00012503849206462738,1988-04-08,1990-04-06,505,I25_X80_3D
1990-04-24,EARLY_EXIT_MA80_3D,0.0,0.3616815142557303,-0.22286689101721405,0.00011143344550860703,1988-04-08,1990-04-06,505,I25_X80_3D
1990-04-09,INITIAL,0.25,0.4058396556238089,0.2500769841292548,0.00012503849206462738,1988-04-08,1990-04-06,505,I25_X100_3D
1990-04-10,EARLY_EXIT_MA100_3D,0.0,0.4119373286941761,-0.253834349065167,0.0001269171745325835,1988-04-08,1990-04-06,505,I25_X100_3D
1990-04-09,INITIAL,0.25,0.4058396556238089,0.2500769841292548,0.00012503849206462738,1988-04-08,1990-04-06,505,I25_X110NEG20
1990-04-10,EARLY_EXIT_MA110_NEG20,0.0,0.4119373286941761,-0.253834349065167,0.0001269171745325835,1988-04-08,1990-04-06,505,I25_X110NEG20
1990-04-09,INITIAL,0.25,0.4058396556238089,0.2500769841292548,0.00012503849206462738,1988-04-08,1990-04-06,505,I25_XDD63_10
1990-08-03,EARLY_EXIT_DD63_10,0.0,0.3778808255647485,-0.2328488502984069,0.00011642442514920345,1988-04-08,1990-04-06,505,I25_XDD63_10
1990-04-09,INITIAL,0.5,0.4058396556238089,0.5001539682585096,0.00025007698412925477,1988-04-08,1990-04-06,505,I50_X60_3D
1990-04-25,EARLY_EXIT_MA60_3D,0.0,0.3657846928080985,-0.450790510737506,0.000225395255368753,1988-04-08,1990-04-06,505,I50_X60_3D
1990-04-09,INITIAL,0.5,0.4058396556238089,0.5001539682585096,0.00025007698412925477,1988-04-08,1990-04-06,505,I50_X80_3D
1990-04-24,EARLY_EXIT_MA80_3D,0.0,0.3616815142557303,-0.4457337820344281,0.00022286689101721406,1988-04-08,1990-04-06,505,I50_X80_3D
1990-04-09,INITIAL,0.5,0.4058396556238089,0.5001539682585096,0.00025007698412925477,1988-04-08,1990-04-06,505,I50_X100_3D
1990-04-10,EARLY_EXIT_MA100_3D,0.0,0.4119373286941761,-0.507668698130334,0.000253834349065167,1988-04-08,1990-04-06,505,I50_X100_3D
1990-04-09,INITIAL,0.5,0.4058396556238089,0.5001539682585096,0.00025007698412925477,1988-04-08,1990-04-06,505,I50_X110NEG20
1990-04-10,EARLY_EXIT_MA110_NEG20,0.0,0.4119373286941761,-0.507668698130334,0.000253834349065167,1988-04-08,1990-04-06,505,I50_X110NEG20
1990-04-09,INITIAL,0.25,0.4058396556238089,0.2500769841292548,0.00012503849206462738,1988-04-08,1990-04-06,505,L25_50_PB5_X60
1990-04-24,ADD_PB5,0.5,0.3616815142557303,0.26477663511148697,0.0001323883175557435,1988-04-08,1990-04-06,505,L25_50_PB5_X60
1990-04-25,EARLY_EXIT_MA60_3D,0.0,0.3657846928080985,-0.4931757094965181,0.0002465878547482591,1988-04-08,1990-04-06,505,L25_50_PB5_X60
1990-04-09,INITIAL,0.25,0.4058396556238089,0.2500769841292548,0.00012503849206462738,1988-04-08,1990-04-06,505,L25_50_PB5_X80
1990-04-24,EARLY_EXIT_MA80_3D,0.0,0.3616815142557303,-0.22286689101721405,0.00011143344550860703,1988-04-08,1990-04-06,505,L25_50_PB5_X80
1990-04-09,INITIAL,0.25,0.4058396556238089,0.2500769841292548,0.00012503849206462738,1988-04-08,1990-04-06,505,L25_50_PB5_X100
1990-04-10,EARLY_EXIT_MA100_3D,0.0,0.4119373286941761,-0.253834349065167,0.0001269171745325835,1988-04-08,1990-04-06,505,L25_50_PB5_X100
1990-04-09,INITIAL,0.25,0.4058396556238089,0.2500769841292548,0.00012503849206462738,1988-04-08,1990-04-06,505,L25_50_PB5_X110NEG20
1990-04-10,EARLY_EXIT_MA110_NEG20,0.0,0.4119373286941761,-0.253834349065167,0.0001269171745325835,1988-04-08,1990-04-06,505,L25_50_PB5_X110NEG20
2004-12-16,INITIAL,0.25,0.524799,0.25002149801642176,0.0001250107490082109,2002-12-12,2004-12-15,505,HOLD25
2008-02-13,BASE_V7_EXIT,0.0,0.446508,-0.21272258338205,0.000106361291691025,2002-12-12,2004-12-15,505,HOLD25
2004-12-16,INITIAL,0.5,0.524799,0.5000429960328435,0.0002500214980164218,2002-12-12,2004-12-15,505,HOLD50
2008-02-13,BASE_V7_EXIT,0.0,0.446508,-0.4254451667641,0.00021272258338205,2002-12-12,2004-12-15,505,HOLD50
2004-12-16,INITIAL,1.0,0.524799,0.999586198966204,0.000499793099483102,2002-12-12,2004-12-15,505,HOLD100
2008-02-13,BASE_V7_EXIT,0.0,0.446508,-0.8504651009777111,0.00042523255048885556,2002-12-12,2004-12-15,505,HOLD100
2004-12-16,INITIAL,0.25,0.524799,0.25002149801642176,0.0001250107490082109,2002-12-12,2004-12-15,505,I25_X60_3D
2005-01-24,EARLY_EXIT_MA60_3D,0.0,0.407529,-0.1941524489664316,9.70762244832158e-05,2002-12-12,2004-12-15,505,I25_X60_3D
2004-12-16,INITIAL,0.25,0.524799,0.25002149801642176,0.0001250107490082109,2002-12-12,2004-12-15,505,I25_X80_3D
2005-01-25,EARLY_EXIT_MA80_3D,0.0,0.413448,-0.1969723423861203,9.848617119306015e-05,2002-12-12,2004-12-15,505,I25_X80_3D
2004-12-16,INITIAL,0.25,0.524799,0.25002149801642176,0.0001250107490082109,2002-12-12,2004-12-15,505,I25_X100_3D
2005-01-26,EARLY_EXIT_MA100_3D,0.0,0.428209,-0.20400468683079417,0.00010200234341539709,2002-12-12,2004-12-15,505,I25_X100_3D
2004-12-16,INITIAL,0.25,0.524799,0.25002149801642176,0.0001250107490082109,2002-12-12,2004-12-15,505,I25_X110NEG20
2005-04-20,EARLY_EXIT_MA110_NEG20,0.0,0.338324,-0.16118223032991275,8.059111516495638e-05,2002-12-12,2004-12-15,505,I25_X110NEG20
2004-12-16,INITIAL,0.25,0.524799,0.25002149801642176,0.0001250107490082109,2002-12-12,2004-12-15,505,I25_XDD63_10
2005-04-18,EARLY_EXIT_DD63_10,0.0,0.340108,-0.16203215259055215,8.101607629527607e-05,2002-12-12,2004-12-15,505,I25_XDD63_10
2004-12-16,INITIAL,0.5,0.524799,0.5000429960328435,0.0002500214980164218,2002-12-12,2004-12-15,505,I50_X60_3D
2005-01-24,EARLY_EXIT_MA60_3D,0.0,0.407529,-0.3883048979328632,0.0001941524489664316,2002-12-12,2004-12-15,505,I50_X60_3D
2004-12-16,INITIAL,0.5,0.524799,0.5000429960328435,0.0002500214980164218,2002-12-12,2004-12-15,505,I50_X80_3D
2005-01-25,EARLY_EXIT_MA80_3D,0.0,0.413448,-0.3939446847722406,0.0001969723423861203,2002-12-12,2004-12-15,505,I50_X80_3D
2004-12-16,INITIAL,0.5,0.524799,0.5000429960328435,0.0002500214980164218,2002-12-12,2004-12-15,505,I50_X100_3D
2005-01-26,EARLY_EXIT_MA100_3D,0.0,0.428209,-0.40800937366158835,0.00020400468683079418,2002-12-12,2004-12-15,505,I50_X100_3D
2004-12-16,INITIAL,0.5,0.524799,0.5000429960328435,0.0002500214980164218,2002-12-12,2004-12-15,505,I50_X110NEG20
2005-04-20,EARLY_EXIT_MA110_NEG20,0.0,0.338324,-0.3223644606598255,0.00016118223032991275,2002-12-12,2004-12-15,505,I50_X110NEG20
2004-12-16,INITIAL,0.25,0.524799,0.25002149801642176,0.0001250107490082109,2002-12-12,2004-12-15,505,L25_50_PB5_X60
2005-01-21,ADD_PB5,0.5,0.425554,0.2743982801715734,0.0001371991400857867,2002-12-12,2004-12-15,505,L25_50_PB5_X60
2005-01-24,EARLY_EXIT_MA60_3D,0.0,0.407529,-0.4569281641989077,0.00022846408209945386,2002-12-12,2004-12-15,505,L25_50_PB5_X60
2004-12-16,INITIAL,0.25,0.524799,0.25002149801642176,0.0001250107490082109,2002-12-12,2004-12-15,505,L25_50_PB5_X80
2005-01-21,ADD_PB5,0.5,0.425554,0.2743982801715734,0.0001371991400857867,2002-12-12,2004-12-15,505,L25_50_PB5_X80
2005-01-25,EARLY_EXIT_MA80_3D,0.0,0.413448,-0.46356464357557375,0.00023178232178778688,2002-12-12,2004-12-15,505,L25_50_PB5_X80
2004-12-16,INITIAL,0.25,0.524799,0.25002149801642176,0.0001250107490082109,2002-12-12,2004-12-15,505,L25_50_PB5_X100
2005-01-21,ADD_PB5,0.5,0.425554,0.2743982801715734,0.0001371991400857867,2002-12-12,2004-12-15,505,L25_50_PB5_X100
2005-01-26,EARLY_EXIT_MA100_3D,0.0,0.428209,-0.48011491762169095,0.00024005745881084547,2002-12-12,2004-12-15,505,L25_50_PB5_X100
2004-12-16,INITIAL,0.25,0.524799,0.25002149801642176,0.0001250107490082109,2002-12-12,2004-12-15,505,L25_50_PB5_X110NEG20
2005-01-21,ADD_PB5,0.5,0.425554,0.2743982801715734,0.0001371991400857867,2002-12-12,2004-12-15,505,L25_50_PB5_X110NEG20
2005-04-20,EARLY_EXIT_MA110_NEG20,0.0,0.338324,-0.37933438902367994,0.00018966719451183998,2002-12-12,2004-12-15,505,L25_50_PB5_X110NEG20
2005-12-14,INITIAL,0.25,0.548438,0.25003796626887625,0.00012501898313443813,2002-12-12,2005-12-13,756,HOLD25
2008-02-13,BASE_V7_EXIT,0.0,0.446508,-0.2035671347404509,0.00010178356737022545,2002-12-12,2005-12-13,756,HOLD25
2005-12-14,INITIAL,0.5,0.548438,0.5000759325377525,0.00025003796626887626,2002-12-12,2005-12-13,756,HOLD50
2008-02-13,BASE_V7_EXIT,0.0,0.446508,-0.4071342694809018,0.0002035671347404509,2002-12-12,2005-12-13,756,HOLD50
2005-12-14,INITIAL,1.0,0.548438,0.9996520390559771,0.0004998260195279886,2002-12-12,2005-12-13,756,HOLD100
2008-02-13,BASE_V7_EXIT,0.0,0.446508,-0.8138616081577247,0.00040693080407886237,2002-12-12,2005-12-13,756,HOLD100
2005-12-14,INITIAL,0.25,0.548438,0.25003796626887625,0.00012501898313443813,2002-12-12,2005-12-13,756,I25_X60_3D
2006-02-07,EARLY_EXIT_MA60_3D,0.0,0.491243,-0.22396223577473037,0.00011198111788736519,2002-12-12,2005-12-13,756,I25_X60_3D
2005-12-14,INITIAL,0.25,0.548438,0.25003796626887625,0.00012501898313443813,2002-12-12,2005-12-13,756,I25_X80_3D
2006-02-14,EARLY_EXIT_MA80_3D,0.0,0.499313,-0.22764142355491673,0.00011382071177745838,2002-12-12,2005-12-13,756,I25_X80_3D
2005-12-14,INITIAL,0.25,0.548438,0.25003796626887625,0.00012501898313443813,2002-12-12,2005-12-13,756,I25_X100_3D
2006-03-10,EARLY_EXIT_MA100_3D,0.0,0.48167,-0.21959781636708184,0.00010979890818354093,2002-12-12,2005-12-13,756,I25_X100_3D
2005-12-14,INITIAL,0.25,0.548438,0.25003796626887625,0.00012501898313443813,2002-12-12,2005-12-13,756,I25_X110NEG20
2006-05-19,EARLY_EXIT_MA110_NEG20,0.0,0.426929,-0.19464088721278444,9.732044360639222e-05,2002-12-12,2005-12-13,756,I25_X110NEG20
2005-12-14,INITIAL,0.25,0.548438,0.25003796626887625,0.00012501898313443813,2002-12-12,2005-12-13,756,I25_XDD63_10
2006-06-09,EARLY_EXIT_DD63_10,0.0,0.384235,-0.1751762969913129,8.758814849565645e-05,2002-12-12,2005-12-13,756,I25_XDD63_10
2005-12-14,INITIAL,0.5,0.548438,0.5000759325377525,0.00025003796626887626,2002-12-12,2005-12-13,756,I50_X60_3D
2006-02-07,EARLY_EXIT_MA60_3D,0.0,0.491243,-0.44792447154946075,0.00022396223577473038,2002-12-12,2005-12-13,756,I50_X60_3D
2005-12-14,INITIAL,0.5,0.548438,0.5000759325377525,0.00025003796626887626,2002-12-12,2005-12-13,756,I50_X80_3D
2006-02-14,EARLY_EXIT_MA80_3D,0.0,0.499313,-0.45528284710983347,0.00022764142355491675,2002-12-12,2005-12-13,756,I50_X80_3D
2005-12-14,INITIAL,0.5,0.548438,0.5000759325377525,0.00025003796626887626,2002-12-12,2005-12-13,756,I50_X100_3D
2006-03-10,EARLY_EXIT_MA100_3D,0.0,0.48167,-0.4391956327341637,0.00021959781636708185,2002-12-12,2005-12-13,756,I50_X100_3D
2005-12-14,INITIAL,0.5,0.548438,0.5000759325377525,0.00025003796626887626,2002-12-12,2005-12-13,756,I50_X110NEG20
2006-05-19,EARLY_EXIT_MA110_NEG20,0.0,0.426929,-0.3892817744255689,0.00019464088721278443,2002-12-12,2005-12-13,756,I50_X110NEG20
2005-12-14,INITIAL,0.25,0.548438,0.25003796626887625,0.00012501898313443813,2002-12-12,2005-12-13,756,L25_50_PB5_X60
2006-02-06,ADD_PB5,0.5,0.498041,0.2636131428982001,0.00013180657144910005,2002-12-12,2005-12-13,756,L25_50_PB5_X60
2006-02-07,EARLY_EXIT_MA60_3D,0.0,0.491243,-0.48397719670513667,0.00024198859835256834,2002-12-12,2005-12-13,756,L25_50_PB5_X60
2005-12-14,INITIAL,0.25,0.548438,0.25003796626887625,0.00012501898313443813,2002-12-12,2005-12-13,756,L25_50_PB5_X80
2006-02-06,ADD_PB5,0.5,0.498041,0.2636131428982001,0.00013180657144910005,2002-12-12,2005-12-13,756,L25_50_PB5_X80
2006-02-14,EARLY_EXIT_MA80_3D,0.0,0.499313,-0.49192783615935887,0.0002459639180796794,2002-12-12,2005-12-13,756,L25_50_PB5_X80
2005-12-14,INITIAL,0.25,0.548438,0.25003796626887625,0.00012501898313443813,2002-12-12,2005-12-13,756,L25_50_PB5_X100
2006-02-06,ADD_PB5,0.5,0.498041,0.2636131428982001,0.00013180657144910005,2002-12-12,2005-12-13,756,L25_50_PB5_X100
2006-03-10,EARLY_EXIT_MA100_3D,0.0,0.48167,-0.47454578759791627,0.00023727289379895815,2002-12-12,2005-12-13,756,L25_50_PB5_X100
2005-12-14,INITIAL,0.25,0.548438,0.25003796626887625,0.00012501898313443813,2002-12-12,2005-12-13,756,L25_50_PB5_X110NEG20
2006-02-06,ADD_PB5,0.5,0.498041,0.2636131428982001,0.00013180657144910005,2002-12-12,2005-12-13,756,L25_50_PB5_X110NEG20
2006-05-19,EARLY_EXIT_MA110_NEG20,0.0,0.426929,-0.42061444257145103,0.00021030722128572552,2002-12-12,2005-12-13,756,L25_50_PB5_X110NEG20
2006-06-13,INITIAL,0.25,0.356891,0.2500474404768338,0.0001250237202384169,2002-12-12,2006-06-12,879,HOLD25
2008-02-13,BASE_V7_EXIT,0.0,0.446508,-0.31283552275745286,0.00015641776137872643,2002-12-12,2006-06-12,879,HOLD25
2006-06-13,INITIAL,0.5,0.356891,0.5000948809536676,0.0002500474404768338,2002-12-12,2006-06-12,879,HOLD50
2008-02-13,BASE_V7_EXIT,0.0,0.446508,-0.6256710455149057,0.00031283552275745285,2002-12-12,2006-06-12,879,HOLD50
2006-06-13,INITIAL,1.0,0.356891,0.9996899169488609,0.0004998449584744304,2002-12-12,2006-06-12,879,HOLD100
2008-02-13,BASE_V7_EXIT,0.0,0.446508,-1.2507167326634798,0.0006253583663317399,2002-12-12,2006-06-12,879,HOLD100
2006-06-13,INITIAL,0.25,0.356891,0.2500474404768338,0.0001250237202384169,2002-12-12,2006-06-12,879,I25_X60_3D
2006-06-14,EARLY_EXIT_MA60_3D,0.0,0.367654,-0.25758828796767036,0.0001287941439838352,2002-12-12,2006-06-12,879,I25_X60_3D
2006-06-13,INITIAL,0.25,0.356891,0.2500474404768338,0.0001250237202384169,2002-12-12,2006-06-12,879,I25_X80_3D
2006-06-14,EARLY_EXIT_MA80_3D,0.0,0.367654,-0.25758828796767036,0.0001287941439838352,2002-12-12,2006-06-12,879,I25_X80_3D
2006-06-13,INITIAL,0.25,0.356891,0.2500474404768338,0.0001250237202384169,2002-12-12,2006-06-12,879,I25_X100_3D
2006-06-14,EARLY_EXIT_MA100_3D,0.0,0.367654,-0.25758828796767036,0.0001287941439838352,2002-12-12,2006-06-12,879,I25_X100_3D
2006-06-13,INITIAL,0.25,0.356891,0.2500474404768338,0.0001250237202384169,2002-12-12,2006-06-12,879,I25_X110NEG20
2006-06-14,EARLY_EXIT_MA110_NEG20,0.0,0.367654,-0.25758828796767036,0.0001287941439838352,2002-12-12,2006-06-12,879,I25_X110NEG20
2006-06-13,INITIAL,0.25,0.356891,0.2500474404768338,0.0001250237202384169,2002-12-12,2006-06-12,879,I25_XDD63_10
2006-06-14,EARLY_EXIT_DD63_10,0.0,0.367654,-0.25758828796767036,0.0001287941439838352,2002-12-12,2006-06-12,879,I25_XDD63_10
2006-06-13,INITIAL,0.5,0.356891,0.5000948809536676,0.0002500474404768338,2002-12-12,2006-06-12,879,I50_X60_3D
2006-06-14,EARLY_EXIT_MA60_3D,0.0,0.367654,-0.5151765759353407,0.0002575882879676704,2002-12-12,2006-06-12,879,I50_X60_3D
2006-06-13,INITIAL,0.5,0.356891,0.5000948809536676,0.0002500474404768338,2002-12-12,2006-06-12,879,I50_X80_3D
2006-06-14,EARLY_EXIT_MA80_3D,0.0,0.367654,-0.5151765759353407,0.0002575882879676704,2002-12-12,2006-06-12,879,I50_X80_3D
2006-06-13,INITIAL,0.5,0.356891,0.5000948809536676,0.0002500474404768338,2002-12-12,2006-06-12,879,I50_X100_3D
2006-06-14,EARLY_EXIT_MA100_3D,0.0,0.367654,-0.5151765759353407,0.0002575882879676704,2002-12-12,2006-06-12,879,I50_X100_3D
2006-06-13,INITIAL,0.5,0.356891,0.5000948809536676,0.0002500474404768338,2002-12-12,2006-06-12,879,I50_X110NEG20
2006-06-14,EARLY_EXIT_MA110_NEG20,0.0,0.367654,-0.5151765759353407,0.0002575882879676704,2002-12-12,2006-06-12,879,I50_X110NEG20
2006-06-13,INITIAL,0.25,0.356891,0.2500474404768338,0.0001250237202384169,2002-12-12,2006-06-12,879,L25_50_PB5_X60
2006-06-14,EARLY_EXIT_MA60_3D,0.0,0.367654,-0.25758828796767036,0.0001287941439838352,2002-12-12,2006-06-12,879,L25_50_PB5_X60
2006-06-13,INITIAL,0.25,0.356891,0.2500474404768338,0.0001250237202384169,2002-12-12,2006-06-12,879,L25_50_PB5_X80
2006-06-14,EARLY_EXIT_MA80_3D,0.0,0.367654,-0.25758828796767036,0.0001287941439838352,2002-12-12,2006-06-12,879,L25_50_PB5_X80
2006-06-13,INITIAL,0.25,0.356891,0.2500474404768338,0.0001250237202384169,2002-12-12,2006-06-12,879,L25_50_PB5_X100
2006-06-14,EARLY_EXIT_MA100_3D,0.0,0.367654,-0.25758828796767036,0.0001287941439838352,2002-12-12,2006-06-12,879,L25_50_PB5_X100
2006-06-13,INITIAL,0.25,0.356891,0.2500474404768338,0.0001250237202384169,2002-12-12,2006-06-12,879,L25_50_PB5_X110NEG20
2006-06-14,EARLY_EXIT_MA110_NEG20,0.0,0.367654,-0.25758828796767036,0.0001287941439838352,2002-12-12,2006-06-12,879,L25_50_PB5_X110NEG20
2006-12-15,INITIAL,0.25,0.552618,0.25004776785771055,0.00012502388392885528,2002-12-12,2006-12-14,1009,HOLD25
2008-02-13,BASE_V7_EXIT,0.0,0.446508,-0.20203527342687103,0.00010101763671343551,2002-12-12,2006-12-14,1009,HOLD25
2006-12-15,INITIAL,0.5,0.552618,0.5000955357154211,0.00025004776785771056,2002-12-12,2006-12-14,1009,HOLD50
2008-02-13,BASE_V7_EXIT,0.0,0.446508,-0.40407054685374205,0.00020203527342687103,2002-12-12,2006-12-14,1009,HOLD50
2006-12-15,INITIAL,1.0,0.552618,0.9996912258179332,0.0004998456129089666,2002-12-12,2006-12-14,1009,HOLD100
2008-02-13,BASE_V7_EXIT,0.0,0.446508,-0.8077372250949366,0.0004038686125474683,2002-12-12,2006-12-14,1009,HOLD100
2006-12-15,INITIAL,0.25,0.552618,0.25004776785771055,0.00012502388392885528,2002-12-12,2006-12-14,1009,I25_X60_3D
2007-01-31,EARLY_EXIT_MA60_3D,0.0,0.528756,-0.23925072571174227,0.00011962536285587114,2002-12-12,2006-12-14,1009,I25_X60_3D
2006-12-15,INITIAL,0.25,0.552618,0.25004776785771055,0.00012502388392885528,2002-12-12,2006-12-14,1009,I25_X80_3D
2007-03-02,EARLY_EXIT_MA80_3D,0.0,0.464845,-0.21033237181890105,0.00010516618590945053,2002-12-12,2006-12-14,1009,I25_X80_3D
2006-12-15,INITIAL,0.25,0.552618,0.25004776785771055,0.00012502388392885528,2002-12-12,2006-12-14,1009,I25_X100_3D
2007-03-02,EARLY_EXIT_MA100_3D,0.0,0.464845,-0.21033237181890105,0.00010516618590945053,2002-12-12,2006-12-14,1009,I25_X100_3D
2006-12-15,INITIAL,0.25,0.552618,0.25004776785771055,0.00012502388392885528,2002-12-12,2006-12-14,1009,I25_X110NEG20
2008-01-25,EARLY_EXIT_MA110_NEG20,0.0,0.428068,-0.19369156974856852,9.684578487428426e-05,2002-12-12,2006-12-14,1009,I25_X110NEG20
2006-12-15,INITIAL,0.25,0.552618,0.25004776785771055,0.00012502388392885528,2002-12-12,2006-12-14,1009,I25_XDD63_10
2007-11-13,EARLY_EXIT_DD63_10,0.0,0.690303,-0.31234727116286687,0.00015617363558143344,2002-12-12,2006-12-14,1009,I25_XDD63_10
2006-12-15,INITIAL,0.5,0.552618,0.5000955357154211,0.00025004776785771056,2002-12-12,2006-12-14,1009,I50_X60_3D
2007-01-31,EARLY_EXIT_MA60_3D,0.0,0.528756,-0.47850145142348455,0.0002392507257117423,2002-12-12,2006-12-14,1009,I50_X60_3D
2006-12-15,INITIAL,0.5,0.552618,0.5000955357154211,0.00025004776785771056,2002-12-12,2006-12-14,1009,I50_X80_3D
2007-03-02,EARLY_EXIT_MA80_3D,0.0,0.464845,-0.4206647436378021,0.00021033237181890106,2002-12-12,2006-12-14,1009,I50_X80_3D
2006-12-15,INITIAL,0.5,0.552618,0.5000955357154211,0.00025004776785771056,2002-12-12,2006-12-14,1009,I50_X100_3D
2007-03-02,EARLY_EXIT_MA100_3D,0.0,0.464845,-0.4206647436378021,0.00021033237181890106,2002-12-12,2006-12-14,1009,I50_X100_3D
2006-12-15,INITIAL,0.5,0.552618,0.5000955357154211,0.00025004776785771056,2002-12-12,2006-12-14,1009,I50_X110NEG20
2008-01-25,EARLY_EXIT_MA110_NEG20,0.0,0.428068,-0.38738313949713704,0.00019369156974856851,2002-12-12,2006-12-14,1009,I50_X110NEG20
2006-12-15,INITIAL,0.25,0.552618,0.25004776785771055,0.00012502388392885528,2002-12-12,2006-12-14,1009,L25_50_PB5_X60
2007-01-31,EARLY_EXIT_MA60_3D,0.0,0.528756,-0.23925072571174227,0.00011962536285587114,2002-12-12,2006-12-14,1009,L25_50_PB5_X60
2006-12-15,INITIAL,0.25,0.552618,0.25004776785771055,0.00012502388392885528,2002-12-12,2006-12-14,1009,L25_50_PB5_X80
2007-03-02,EARLY_EXIT_MA80_3D,0.0,0.464845,-0.21033237181890105,0.00010516618590945053,2002-12-12,2006-12-14,1009,L25_50_PB5_X80
2006-12-15,INITIAL,0.25,0.552618,0.25004776785771055,0.00012502388392885528,2002-12-12,2006-12-14,1009,L25_50_PB5_X100
2007-03-02,EARLY_EXIT_MA100_3D,0.0,0.464845,-0.21033237181890105,0.00010516618590945053,2002-12-12,2006-12-14,1009,L25_50_PB5_X100
2006-12-15,INITIAL,0.25,0.552618,0.25004776785771055,0.00012502388392885528,2002-12-12,2006-12-14,1009,L25_50_PB5_X110NEG20
2007-03-02,ADD_PB5,0.5,0.464845,0.27355137287561415,0.00013677568643780707,2002-12-12,2006-12-14,1009,L25_50_PB5_X110NEG20
2008-01-25,EARLY_EXIT_MA110_NEG20,0.0,0.428068,-0.4456004621409109,0.00022280023107045546,2002-12-12,2006-12-14,1009,L25_50_PB5_X110NEG20
2011-04-25,INITIAL,0.25,0.444463849067688,0.25000044642858915,0.00012500022321429457,2009-04-22,2011-04-21,505,HOLD25
2018-12-21,BASE_V7_EXIT,0.0,3.910327911376953,-2.199467348305156,0.001099733674152578,2009-04-22,2011-04-21,505,HOLD25
2011-04-25,INITIAL,0.5,0.444463849067688,0.5000008928571783,0.00025000044642858914,2009-04-22,2011-04-21,505,HOLD50
2018-12-21,BASE_V7_EXIT,0.0,3.910327911376953,-4.398934696610312,0.002199467348305156,2009-04-22,2011-04-21,505,HOLD50
2011-04-25,INITIAL,1.0,0.444463849067688,0.9995020346970082,0.0004997510173485041,2009-04-22,2011-04-21,505,HOLD100
2018-12-21,BASE_V7_EXIT,0.0,3.910327911376953,-8.79347265689218,0.00439673632844609,2009-04-22,2011-04-21,505,HOLD100
2011-04-25,INITIAL,0.25,0.444463849067688,0.25000044642858915,0.00012500022321429457,2009-04-22,2011-04-21,505,I25_X60_3D
2011-05-26,EARLY_EXIT_MA60_3D,0.0,0.4125079214572906,-0.23202598982115788,0.00011601299491057894,2009-04-22,2011-04-21,505,I25_X60_3D
2011-04-25,INITIAL,0.25,0.444463849067688,0.25000044642858915,0.00012500022321429457,2009-04-22,2011-04-21,505,I25_X80_3D
2011-05-26,EARLY_EXIT_MA80_3D,0.0,0.4125079214572906,-0.23202598982115788,0.00011601299491057894,2009-04-22,2011-04-21,505,I25_X80_3D
2011-04-25,INITIAL,0.25,0.444463849067688,0.25000044642858915,0.00012500022321429457,2009-04-22,2011-04-21,505,I25_X100_3D
2011-05-26,EARLY_EXIT_MA100_3D,0.0,0.4125079214572906,-0.23202598982115788,0.00011601299491057894,2009-04-22,2011-04-21,505,I25_X100_3D
2011-04-25,INITIAL,0.25,0.444463849067688,0.25000044642858915,0.00012500022321429457,2009-04-22,2011-04-21,505,I25_X110NEG20
2011-06-28,EARLY_EXIT_MA110_NEG20,0.0,0.3882425129413605,-0.21837726906584903,0.00010918863453292452,2009-04-22,2011-04-21,505,I25_X110NEG20
2011-04-25,INITIAL,0.25,0.444463849067688,0.25000044642858915,0.00012500022321429457,2009-04-22,2011-04-21,505,I25_XDD63_10
2011-08-09,EARLY_EXIT_DD63_10,0.0,0.3155463337898254,-0.1774873805413749,8.874369027068745e-05,2009-04-22,2011-04-21,505,I25_XDD63_10
2011-04-25,INITIAL,0.5,0.444463849067688,0.5000008928571783,0.00025000044642858914,2009-04-22,2011-04-21,505,I50_X60_3D
2011-05-26,EARLY_EXIT_MA60_3D,0.0,0.4125079214572906,-0.46405197964231576,0.0002320259898211579,2009-04-22,2011-04-21,505,I50_X60_3D
2011-04-25,INITIAL,0.5,0.444463849067688,0.5000008928571783,0.00025000044642858914,2009-04-22,2011-04-21,505,I50_X80_3D
2011-05-26,EARLY_EXIT_MA80_3D,0.0,0.4125079214572906,-0.46405197964231576,0.0002320259898211579,2009-04-22,2011-04-21,505,I50_X80_3D
2011-04-25,INITIAL,0.5,0.444463849067688,0.5000008928571783,0.00025000044642858914,2009-04-22,2011-04-21,505,I50_X100_3D
2011-05-26,EARLY_EXIT_MA100_3D,0.0,0.4125079214572906,-0.46405197964231576,0.0002320259898211579,2009-04-22,2011-04-21,505,I50_X100_3D
2011-04-25,INITIAL,0.5,0.444463849067688,0.5000008928571783,0.00025000044642858914,2009-04-22,2011-04-21,505,I50_X110NEG20
2011-06-28,EARLY_EXIT_MA110_NEG20,0.0,0.3882425129413605,-0.43675453813169807,0.00021837726906584904,2009-04-22,2011-04-21,505,I50_X110NEG20
2011-04-25,INITIAL,0.25,0.444463849067688,0.25000044642858915,0.00012500022321429457,2009-04-22,2011-04-21,505,L25_50_PB5_X60
2011-05-26,EARLY_EXIT_MA60_3D,0.0,0.4125079214572906,-0.23202598982115788,0.00011601299491057894,2009-04-22,2011-04-21,505,L25_50_PB5_X60
2011-04-25,INITIAL,0.25,0.444463849067688,0.25000044642858915,0.00012500022321429457,2009-04-22,2011-04-21,505,L25_50_PB5_X80
2011-05-26,EARLY_EXIT_MA80_3D,0.0,0.4125079214572906,-0.23202598982115788,0.00011601299491057894,2009-04-22,2011-04-21,505,L25_50_PB5_X80
2011-04-25,INITIAL,0.25,0.444463849067688,0.25000044642858915,0.00012500022321429457,2009-04-22,2011-04-21,505,L25_50_PB5_X100
2011-05-26,EARLY_EXIT_MA100_3D,0.0,0.4125079214572906,-0.23202598982115788,0.00011601299491057894,2009-04-22,2011-04-21,505,L25_50_PB5_X100
2011-04-25,INITIAL,0.25,0.444463849067688,0.25000044642858915,0.00012500022321429457,2009-04-22,2011-04-21,505,L25_50_PB5_X110NEG20
2011-06-07,ADD_PB5,0.5,0.3826355636119842,0.2673409302717543,0.00013367046513587717,2009-04-22,2011-04-21,505,L25_50_PB5_X110NEG20
2011-06-28,EARLY_EXIT_MA110_NEG20,0.0,0.3882425129413605,-0.4896356790291202,0.0002448178395145601,2009-04-22,2011-04-21,505,L25_50_PB5_X110NEG20
2012-04-23,INITIAL,0.25,0.5284746885299683,0.2500006448412462,0.00012500032242062308,2009-04-22,2012-04-20,756,HOLD25
2018-12-21,BASE_V7_EXIT,0.0,3.910327911376953,-1.8498227457293361,0.0009249113728646681,2009-04-22,2012-04-20,756,HOLD25
2012-04-23,INITIAL,0.5,0.5284746885299683,0.5000012896824924,0.00025000064484124616,2009-04-22,2012-04-20,756,HOLD50
2018-12-21,BASE_V7_EXIT,0.0,3.910327911376953,-3.6996454914586723,0.0018498227457293362,2009-04-22,2012-04-20,756,HOLD50
2012-04-23,INITIAL,1.0,0.5284746885299683,0.9995028279510093,0.0004997514139755047,2009-04-22,2012-04-20,756,HOLD100
2018-12-21,BASE_V7_EXIT,0.0,3.910327911376953,-7.395593186324183,0.003697796593162091,2009-04-22,2012-04-20,756,HOLD100
2012-04-23,INITIAL,0.25,0.5284746885299683,0.2500006448412462,0.00012500032242062308,2009-04-22,2012-04-20,756,I25_X60_3D
2012-05-09,EARLY_EXIT_MA60_3D,0.0,0.5085756182670593,-0.24058717527412918,0.00012029358763706459,2009-04-22,2012-04-20,756,I25_X60_3D
2012-04-23,INITIAL,0.25,0.5284746885299683,0.2500006448412462,0.00012500032242062308,2009-04-22,2012-04-20,756,I25_X80_3D
2012-05-14,EARLY_EXIT_MA80_3D,0.0,0.4889750182628631,-0.23131490027841475,0.00011565745013920738,2009-04-22,2012-04-20,756,I25_X80_3D
2012-04-23,INITIAL,0.25,0.5284746885299683,0.2500006448412462,0.00012500032242062308,2009-04-22,2012-04-20,756,I25_X100_3D
2012-05-21,EARLY_EXIT_MA100_3D,0.0,0.4630727469921112,-0.21906155180007292,0.00010953077590003646,2009-04-22,2012-04-20,756,I25_X100_3D
2012-04-23,INITIAL,0.25,0.5284746885299683,0.2500006448412462,0.00012500032242062308,2009-04-22,2012-04-20,756,I25_X110NEG20
2015-09-04,EARLY_EXIT_MA110_NEG20,0.0,1.7615537643432615,-0.8333219860223576,0.00041666099301117883,2009-04-22,2012-04-20,756,I25_X110NEG20
2012-04-23,INITIAL,0.25,0.5284746885299683,0.2500006448412462,0.00012500032242062308,2009-04-22,2012-04-20,756,I25_XDD63_10
2012-05-21,EARLY_EXIT_DD63_10,0.0,0.4630727469921112,-0.21906155180007292,0.00010953077590003646,2009-04-22,2012-04-20,756,I25_XDD63_10
2012-04-23,INITIAL,0.5,0.5284746885299683,0.5000012896824924,0.00025000064484124616,2009-04-22,2012-04-20,756,I50_X60_3D
2012-05-09,EARLY_EXIT_MA60_3D,0.0,0.5085756182670593,-0.48117435054825836,0.00024058717527412917,2009-04-22,2012-04-20,756,I50_X60_3D
2012-04-23,INITIAL,0.5,0.5284746885299683,0.5000012896824924,0.00025000064484124616,2009-04-22,2012-04-20,756,I50_X80_3D
2012-05-14,EARLY_EXIT_MA80_3D,0.0,0.4889750182628631,-0.4626298005568295,0.00023131490027841477,2009-04-22,2012-04-20,756,I50_X80_3D
2012-04-23,INITIAL,0.5,0.5284746885299683,0.5000012896824924,0.00025000064484124616,2009-04-22,2012-04-20,756,I50_X100_3D
2012-05-21,EARLY_EXIT_MA100_3D,0.0,0.4630727469921112,-0.43812310360014584,0.00021906155180007291,2009-04-22,2012-04-20,756,I50_X100_3D
2012-04-23,INITIAL,0.5,0.5284746885299683,0.5000012896824924,0.00025000064484124616,2009-04-22,2012-04-20,756,I50_X110NEG20
2015-09-04,EARLY_EXIT_MA110_NEG20,0.0,1.7615537643432615,-1.6666439720447153,0.0008333219860223577,2009-04-22,2012-04-20,756,I50_X110NEG20
2012-04-23,INITIAL,0.25,0.5284746885299683,0.2500006448412462,0.00012500032242062308,2009-04-22,2012-04-20,756,L25_50_PB5_X60
2012-05-09,EARLY_EXIT_MA60_3D,0.0,0.5085756182670593,-0.24058717527412918,0.00012029358763706459,2009-04-22,2012-04-20,756,L25_50_PB5_X60
2012-04-23,INITIAL,0.25,0.5284746885299683,0.2500006448412462,0.00012500032242062308,2009-04-22,2012-04-20,756,L25_50_PB5_X80
2012-05-14,EARLY_EXIT_MA80_3D,0.0,0.4889750182628631,-0.23131490027841475,0.00011565745013920738,2009-04-22,2012-04-20,756,L25_50_PB5_X80
2012-04-23,INITIAL,0.25,0.5284746885299683,0.2500006448412462,0.00012500032242062308,2009-04-22,2012-04-20,756,L25_50_PB5_X100
2012-05-15,ADD_PB5,0.5,0.4847076535224914,0.26031009290612306,0.00013015504645306152,2009-04-22,2012-04-20,756,L25_50_PB5_X100
2012-05-21,EARLY_EXIT_MA100_3D,0.0,0.4630727469921112,-0.46775271422715164,0.00023387635711357582,2009-04-22,2012-04-20,756,L25_50_PB5_X100
2012-04-23,INITIAL,0.25,0.5284746885299683,0.2500006448412462,0.00012500032242062308,2009-04-22,2012-04-20,756,L25_50_PB5_X110NEG20
2012-05-15,ADD_PB5,0.5,0.4847076535224914,0.26031009290612306,0.00013015504645306152,2009-04-22,2012-04-20,756,L25_50_PB5_X110NEG20
2015-09-04,EARLY_EXIT_MA110_NEG20,0.0,1.7615537643432615,-1.7793566127152238,0.0008896783063576119,2009-04-22,2012-04-20,756,L25_50_PB5_X110NEG20
2012-10-16,INITIAL,0.25,0.5878218412399292,0.25000094246030563,0.00012500047123015283,2009-04-22,2012-10-15,879,HOLD25
2018-12-21,BASE_V7_EXIT,0.0,3.910327911376953,-1.6630645453918391,0.0008315322726959196,2009-04-22,2012-10-15,879,HOLD25
2012-10-16,INITIAL,0.5,0.5878218412399292,0.5000018849206113,0.00025000094246030566,2009-04-22,2012-10-15,879,HOLD50
2018-12-21,BASE_V7_EXIT,0.0,3.910327911376953,-3.3261290907836782,0.0016630645453918392,2009-04-22,2012-10-15,879,HOLD50
2012-10-16,INITIAL,1.0,0.5878218412399292,0.9995040178323065,0.0004997520089161532,2009-04-22,2012-10-15,879,HOLD100
2018-12-21,BASE_V7_EXIT,0.0,3.910327911376953,-6.648933714710003,0.0033244668573550015,2009-04-22,2012-10-15,879,HOLD100
2012-10-16,INITIAL,0.25,0.5878218412399292,0.25000094246030563,0.00012500047123015283,2009-04-22,2012-10-15,879,I25_X60_3D
2012-10-23,EARLY_EXIT_MA60_3D,0.0,0.5175571441650391,-0.22011732933467415,0.00011005866466733707,2009-04-22,2012-10-15,879,I25_X60_3D
2012-10-16,INITIAL,0.25,0.5878218412399292,0.25000094246030563,0.00012500047123015283,2009-04-22,2012-10-15,879,I25_X80_3D
2012-10-24,EARLY_EXIT_MA80_3D,0.0,0.5123971700668335,-0.21792278959980976,0.00010896139479990489,2009-04-22,2012-10-15,879,I25_X80_3D
2012-10-16,INITIAL,0.25,0.5878218412399292,0.25000094246030563,0.00012500047123015283,2009-04-22,2012-10-15,879,I25_X100_3D
2012-10-26,EARLY_EXIT_MA100_3D,0.0,0.5177564024925232,-0.2202020740075822,0.00011010103700379111,2009-04-22,2012-10-15,879,I25_X100_3D
2012-10-16,INITIAL,0.25,0.5878218412399292,0.25000094246030563,0.00012500047123015283,2009-04-22,2012-10-15,879,I25_X110NEG20
2015-09-04,EARLY_EXIT_MA110_NEG20,0.0,1.7615537643432615,-0.7491897550988786,0.0003745948775494393,2009-04-22,2012-10-15,879,I25_X110NEG20
2012-10-16,INITIAL,0.25,0.5878218412399292,0.25000094246030563,0.00012500047123015283,2009-04-22,2012-10-15,879,I25_XDD63_10
2012-11-09,EARLY_EXIT_DD63_10,0.0,0.470119297504425,-0.1999419878597385,9.997099392986924e-05,2009-04-22,2012-10-15,879,I25_XDD63_10
2012-10-16,INITIAL,0.5,0.5878218412399292,0.5000018849206113,0.00025000094246030566,2009-04-22,2012-10-15,879,I50_X60_3D
2012-10-23,EARLY_EXIT_MA60_3D,0.0,0.5175571441650391,-0.4402346586693483,0.00022011732933467415,2009-04-22,2012-10-15,879,I50_X60_3D
2012-10-16,INITIAL,0.5,0.5878218412399292,0.5000018849206113,0.00025000094246030566,2009-04-22,2012-10-15,879,I50_X80_3D
2012-10-24,EARLY_EXIT_MA80_3D,0.0,0.5123971700668335,-0.4358455791996195,0.00021792278959980978,2009-04-22,2012-10-15,879,I50_X80_3D
2012-10-16,INITIAL,0.5,0.5878218412399292,0.5000018849206113,0.00025000094246030566,2009-04-22,2012-10-15,879,I50_X100_3D
2012-10-26,EARLY_EXIT_MA100_3D,0.0,0.5177564024925232,-0.4404041480151644,0.00022020207400758222,2009-04-22,2012-10-15,879,I50_X100_3D
2012-10-16,INITIAL,0.5,0.5878218412399292,0.5000018849206113,0.00025000094246030566,2009-04-22,2012-10-15,879,I50_X110NEG20
2015-09-04,EARLY_EXIT_MA110_NEG20,0.0,1.7615537643432615,-1.4983795101977573,0.0007491897550988786,2009-04-22,2012-10-15,879,I50_X110NEG20
2012-10-16,INITIAL,0.25,0.5878218412399292,0.25000094246030563,0.00012500047123015283,2009-04-22,2012-10-15,879,L25_50_PB5_X60
2012-10-23,EARLY_EXIT_MA60_3D,0.0,0.5175571441650391,-0.22011732933467415,0.00011005866466733707,2009-04-22,2012-10-15,879,L25_50_PB5_X60
2012-10-16,INITIAL,0.25,0.5878218412399292,0.25000094246030563,0.00012500047123015283,2009-04-22,2012-10-15,879,L25_50_PB5_X80
2012-10-24,EARLY_EXIT_MA80_3D,0.0,0.5123971700668335,-0.21792278959980976,0.00010896139479990489,2009-04-22,2012-10-15,879,L25_50_PB5_X80
2012-10-16,INITIAL,0.25,0.5878218412399292,0.25000094246030563,0.00012500047123015283,2009-04-22,2012-10-15,879,L25_50_PB5_X100
2012-10-26,EARLY_EXIT_MA100_3D,0.0,0.5177564024925232,-0.2202020740075822,0.00011010103700379111,2009-04-22,2012-10-15,879,L25_50_PB5_X100
2012-10-16,INITIAL,0.25,0.5878218412399292,0.25000094246030563,0.00012500047123015283,2009-04-22,2012-10-15,879,L25_50_PB5_X110NEG20
2012-11-08,ADD_PB5,0.5,0.4650573134422302,0.2760661494204055,0.00013803307471020276,2009-04-22,2012-10-15,879,L25_50_PB5_X110NEG20
2015-09-04,EARLY_EXIT_MA110_NEG20,0.0,1.7615537643432615,-1.7948788576306978,0.0008974394288153489,2009-04-22,2012-10-15,879,L25_50_PB5_X110NEG20
2013-04-26,INITIAL,0.25,0.6167025566101074,0.25000049603175345,0.00012500024801587672,2009-04-22,2013-04-25,1009,HOLD25
2018-12-21,BASE_V7_EXIT,0.0,3.910327911376953,-1.5851789602829525,0.0007925894801414763,2009-04-22,2013-04-25,1009,HOLD25
2013-04-26,INITIAL,0.5,0.6167025566101074,0.5000009920635069,0.00025000049603175344,2009-04-22,2013-04-25,1009,HOLD50
2018-12-21,BASE_V7_EXIT,0.0,3.910327911376953,-3.170357920565905,0.0015851789602829526,2009-04-22,2013-04-25,1009,HOLD50
2013-04-26,INITIAL,1.0,0.6167025566101074,0.9995022330105086,0.0004997511165052543,2009-04-22,2013-04-25,1009,HOLD100
2018-12-21,BASE_V7_EXIT,0.0,3.910327911376953,-6.337547067598011,0.003168773533799005,2009-04-22,2013-04-25,1009,HOLD100
2013-04-26,INITIAL,0.25,0.6167025566101074,0.25000049603175345,0.00012500024801587672,2009-04-22,2013-04-25,1009,I25_X60_3D
2013-06-25,EARLY_EXIT_MA60_3D,0.0,0.6324816346168518,-0.2563970599608759,0.00012819852998043795,2009-04-22,2013-04-25,1009,I25_X60_3D
2013-04-26,INITIAL,0.25,0.6167025566101074,0.25000049603175345,0.00012500024801587672,2009-04-22,2013-04-25,1009,I25_X80_3D
2014-04-09,EARLY_EXIT_MA80_3D,0.0,1.2210981845855713,-0.49501197713189954,0.00024750598856594977,2009-04-22,2013-04-25,1009,I25_X80_3D
2013-04-26,INITIAL,0.25,0.6167025566101074,0.25000049603175345,0.00012500024801587672,2009-04-22,2013-04-25,1009,I25_X100_3D
2014-04-09,EARLY_EXIT_MA100_3D,0.0,1.2210981845855713,-0.49501197713189954,0.00024750598856594977,2009-04-22,2013-04-25,1009,I25_X100_3D
2013-04-26,INITIAL,0.25,0.6167025566101074,0.25000049603175345,0.00012500024801587672,2009-04-22,2013-04-25,1009,I25_X110NEG20
2015-09-04,EARLY_EXIT_MA110_NEG20,0.0,1.7615537643432615,-0.7141032741831838,0.0003570516370915919,2009-04-22,2013-04-25,1009,I25_X110NEG20
2013-04-26,INITIAL,0.25,0.6167025566101074,0.25000049603175345,0.00012500024801587672,2009-04-22,2013-04-25,1009,I25_XDD63_10
2015-08-24,EARLY_EXIT_DD63_10,0.0,1.609048843383789,-0.6522804302878636,0.00032614021514393185,2009-04-22,2013-04-25,1009,I25_XDD63_10
2013-04-26,INITIAL,0.5,0.6167025566101074,0.5000009920635069,0.00025000049603175344,2009-04-22,2013-04-25,1009,I50_X60_3D
2013-06-25,EARLY_EXIT_MA60_3D,0.0,0.6324816346168518,-0.5127941199217518,0.0002563970599608759,2009-04-22,2013-04-25,1009,I50_X60_3D
2013-04-26,INITIAL,0.5,0.6167025566101074,0.5000009920635069,0.00025000049603175344,2009-04-22,2013-04-25,1009,I50_X80_3D
2014-04-09,EARLY_EXIT_MA80_3D,0.0,1.2210981845855713,-0.9900239542637991,0.0004950119771318995,2009-04-22,2013-04-25,1009,I50_X80_3D
2013-04-26,INITIAL,0.5,0.6167025566101074,0.5000009920635069,0.00025000049603175344,2009-04-22,2013-04-25,1009,I50_X100_3D
2014-04-09,EARLY_EXIT_MA100_3D,0.0,1.2210981845855713,-0.9900239542637991,0.0004950119771318995,2009-04-22,2013-04-25,1009,I50_X100_3D
2013-04-26,INITIAL,0.5,0.6167025566101074,0.5000009920635069,0.00025000049603175344,2009-04-22,2013-04-25,1009,I50_X110NEG20
2015-09-04,EARLY_EXIT_MA110_NEG20,0.0,1.7615537643432615,-1.4282065483663675,0.0007141032741831838,2009-04-22,2013-04-25,1009,I50_X110NEG20
2013-04-26,INITIAL,0.25,0.6167025566101074,0.25000049603175345,0.00012500024801587672,2009-04-22,2013-04-25,1009,L25_50_PB5_X60
2013-06-25,EARLY_EXIT_MA60_3D,0.0,0.6324816346168518,-0.2563970599608759,0.00012819852998043795,2009-04-22,2013-04-25,1009,L25_50_PB5_X60
2013-04-26,INITIAL,0.25,0.6167025566101074,0.25000049603175345,0.00012500024801587672,2009-04-22,2013-04-25,1009,L25_50_PB5_X80
2013-06-25,ADD_PB5,0.5,0.6324816346168518,0.24676332685049085,0.00012338166342524542,2009-04-22,2013-04-25,1009,L25_50_PB5_X80
2014-04-09,EARLY_EXIT_MA80_3D,0.0,1.2210981845855713,-0.9714246252587768,0.00048571231262938843,2009-04-22,2013-04-25,1009,L25_50_PB5_X80
2013-04-26,INITIAL,0.25,0.6167025566101074,0.25000049603175345,0.00012500024801587672,2009-04-22,2013-04-25,1009,L25_50_PB5_X100
2013-06-25,ADD_PB5,0.5,0.6324816346168518,0.24676332685049085,0.00012338166342524542,2009-04-22,2013-04-25,1009,L25_50_PB5_X100
2014-04-09,EARLY_EXIT_MA100_3D,0.0,1.2210981845855713,-0.9714246252587768,0.00048571231262938843,2009-04-22,2013-04-25,1009,L25_50_PB5_X100
2013-04-26,INITIAL,0.25,0.6167025566101074,0.25000049603175345,0.00012500024801587672,2009-04-22,2013-04-25,1009,L25_50_PB5_X110NEG20
2013-06-25,ADD_PB5,0.5,0.6324816346168518,0.24676332685049085,0.00012338166342524542,2009-04-22,2013-04-25,1009,L25_50_PB5_X110NEG20
2015-09-04,EARLY_EXIT_MA110_NEG20,0.0,1.7615537643432615,-1.4013751940685348,0.0007006875970342675,2009-04-22,2013-04-25,1009,L25_50_PB5_X110NEG20
