campaign_full_date,start_date,exit_date,age_td,policy,CAGR,MDD,Return,DiffCAGR_vs_Wait,Win_vs_Wait,event_count
1988-04-08,1990-04-06,1990-09-18,505,HOLD25,-0.14621458347148464,-0.20213332947508056,-0.0689211313736634,-0.2248662361886674,False,2
1988-04-08,1990-04-06,1990-09-18,505,HOLD50,-0.34262566903702074,-0.37452437861942023,-0.17263707114804527,-0.4212773217542035,False,2
1988-04-08,1990-04-06,1990-09-18,505,HOLD100,-0.652740072193982,-0.6398368749356363,-0.3798616224813667,-0.7313917249111648,False,2
1988-04-08,1990-04-06,1990-09-18,505,I25_X60_3D,0.018304174171723364,-0.04167725088293939,0.008227892910583234,-0.06034747854545941,False,2
1988-04-08,1990-04-06,1990-09-18,505,I25_X80_3D,0.012646036991113885,-0.04178674603679822,0.005693230147402861,-0.06600561572606889,False,2
1988-04-08,1990-04-06,1990-09-18,505,I25_X100_3D,0.08684805885590463,0.0,0.038339652162946214,0.008196406138721857,True,2
1988-04-08,1990-04-06,1990-09-18,505,I25_X110NEG20,0.08684805885590463,0.0,0.038339652162946214,0.008196406138721857,True,2
1988-04-08,1990-04-06,1990-09-18,505,I25_XDD63_10,0.024142211937363545,-0.11664312697077905,0.010835064859900712,-0.05450944077981923,False,2
1988-04-08,1990-04-06,1990-09-18,505,I50_X60_3D,-0.040143941993199816,-0.08384145345069405,-0.018339022579549558,-0.11879559471038259,False,2
1988-04-08,1990-04-06,1990-09-18,505,I50_X80_3D,-0.0510817331220621,-0.08405702114531843,-0.023408348105910304,-0.12973338583924487,False,2
1988-04-08,1990-04-06,1990-09-18,505,I50_X100_3D,0.09507849435288951,0.0,0.041884495925175846,0.016426841635706735,True,2
1988-04-08,1990-04-06,1990-09-18,505,I50_X110NEG20,0.09507849435288951,0.0,0.041884495925175846,0.016426841635706735,True,2
1988-04-08,1990-04-06,1990-09-18,505,L25_50_PB5_X60,0.02443618364157607,-0.04180733641636003,0.010966132062693701,-0.054215469075606704,False,3
1988-04-08,1990-04-06,1990-09-18,505,L25_50_PB5_X80,0.012646036991113885,-0.04178674603679822,0.005693230147402861,-0.06600561572606889,False,2
1988-04-08,1990-04-06,1990-09-18,505,L25_50_PB5_X100,0.08684805885590463,0.0,0.038339652162946214,0.008196406138721857,True,2
1988-04-08,1990-04-06,1990-09-18,505,L25_50_PB5_X110NEG20,0.08684805885590463,0.0,0.038339652162946214,0.008196406138721857,True,2
1988-04-08,1990-04-06,1990-09-18,505,WAIT_NEXT,0.07865165271718277,0.0,0.03479480840071947,0.0,False,0
2002-12-12,2004-12-15,2008-02-13,505,HOLD25,0.019439652694139387,-0.18486891704250052,0.06277540649841251,-0.021050522526064652,False,2
2002-12-12,2004-12-15,2008-02-13,505,HOLD50,-0.002595190258974922,-0.33761603966871345,-0.008183721969741153,-0.04308536547917896,False,2
2002-12-12,2004-12-15,2008-02-13,505,HOLD100,-0.05008054847944643,-0.5643134086518345,-0.14996013157277777,-0.09057072369965047,False,2
2002-12-12,2004-12-15,2008-02-13,505,I25_X60_3D,0.02152338431504841,-0.06216684975298914,0.06966005637011397,-0.01896679090515563,False,2
2002-12-12,2004-12-15,2008-02-13,505,I25_X80_3D,0.02247905915029058,-0.062070577029662566,0.0728277815563958,-0.018011116069913458,False,2
2002-12-12,2004-12-15,2008-02-13,505,I25_X100_3D,0.024862484840030286,-0.062070577029662566,0.08075593391002611,-0.015627690380173753,False,2
2002-12-12,2004-12-15,2008-02-13,505,I25_X110NEG20,0.009778100467708661,-0.09017182524930711,0.031249238566220194,-0.030712074752495377,False,2
2002-12-12,2004-12-15,2008-02-13,505,I25_XDD63_10,0.010086335356273457,-0.08959013169559915,0.03224501875888475,-0.030403839863930582,False,2
2002-12-12,2004-12-15,2008-02-13,505,I50_X60_3D,0.001762949553198112,-0.12491628471702554,0.005585577773662198,-0.03872722566700593,False,2
2002-12-12,2004-12-15,2008-02-13,505,I50_X80_3D,0.0037544920520413694,-0.1247251744508725,0.011921028146225643,-0.03673568316816267,False,2
2002-12-12,2004-12-15,2008-02-13,505,I50_X100_3D,0.008701808509718578,-0.1247251744508725,0.027777332853488046,-0.03178836671048546,False,2
2002-12-12,2004-12-15,2008-02-13,505,I50_X110NEG20,-0.02309845788172571,-0.18669797916276376,-0.07123605783412346,-0.06358863310192975,False,2
2002-12-12,2004-12-15,2008-02-13,505,L25_50_PB5_X60,0.01743518949394618,-0.0739844494952735,0.056181310813759655,-0.02305498572625786,False,3
2002-12-12,2004-12-15,2008-02-13,505,L25_50_PB5_X80,0.01970074643200226,-0.07375787641331544,0.0636363950105363,-0.02078942878820178,False,3
2002-12-12,2004-12-15,2008-02-13,505,L25_50_PB5_X100,0.025323757211689113,-0.07375787641331544,0.08229490856376698,-0.015166418008514926,False,3
2002-12-12,2004-12-15,2008-02-13,505,L25_50_PB5_X110NEG20,-0.010949301688710222,-0.14792964260961528,-0.034216644802785856,-0.05143947690891426,False,3
2002-12-12,2004-12-15,2008-02-13,505,WAIT_NEXT,0.04049017522020404,0.0,0.1337345349665653,0.0,False,0
2002-12-12,2005-12-13,2008-02-13,756,HOLD25,0.012885751667477408,-0.183138531949242,0.028152249179626,-0.03194562594090855,False,2
2002-12-12,2005-12-13,2008-02-13,756,HOLD50,-0.020282900136105453,-0.335755758654525,-0.04346132662030455,-0.06511427774449141,False,2
2002-12-12,2005-12-13,2008-02-13,756,HOLD100,-0.09082202847293286,-0.5643134086518344,-0.18654532264635415,-0.13565340608131882,False,2
2002-12-12,2005-12-13,2008-02-13,756,I25_X60_3D,0.0314211854044093,-0.04574929907485281,0.0693873091674293,-0.013410192203976656,False,2
2002-12-12,2005-12-13,2008-02-13,756,I25_X80_3D,0.03311096498393695,-0.04799584408546631,0.07318997725006104,-0.011720412624449006,False,2
2002-12-12,2005-12-13,2008-02-13,756,I25_X100_3D,0.028882426552444107,-0.04799584408546631,0.0636877740938322,-0.01594895105594185,False,2
2002-12-12,2005-12-13,2008-02-13,756,I25_X110NEG20,0.01582819710025829,-0.06907570284106501,0.03463987531147472,-0.02900318050812767,False,2
2002-12-12,2005-12-13,2008-02-13,756,I25_XDD63_10,0.006043215058963103,-0.08185950854512591,0.013150522982411372,-0.038788162549422855,False,2
2002-12-12,2005-12-13,2008-02-13,756,I50_X60_3D,0.017804109944829394,-0.09250001187654844,0.03900879335530272,-0.027027267663556565,False,2
2002-12-12,2005-12-13,2008-02-13,756,I50_X80_3D,0.021233093594625663,-0.09756880428386938,0.04661412952056376,-0.023598284013760296,False,2
2002-12-12,2005-12-13,2008-02-13,756,I50_X100_3D,0.012639237749734411,-0.09989633802074582,0.02760972320810895,-0.03219213985865155,False,2
2002-12-12,2005-12-13,2008-02-13,756,I50_X110NEG20,-0.014176419255835238,-0.15038605305322783,-0.030486074356603998,-0.059007796864221196,False,2
2002-12-12,2005-12-13,2008-02-13,756,L25_50_PB5_X60,0.02952020414667267,-0.049558907366929805,0.06511804663872889,-0.01531117346171329,False,3
2002-12-12,2005-12-13,2008-02-13,756,L25_50_PB5_X80,0.03317557704830776,-0.055190072070883334,0.07333552416240763,-0.0116558005600782,False,3
2002-12-12,2005-12-13,2008-02-13,756,L25_50_PB5_X100,0.024012865759372115,-0.05791431504365985,0.05280148354539804,-0.020818511849013843,False,3
2002-12-12,2005-12-13,2008-02-13,756,L25_50_PB5_X110NEG20,-0.004610389690617223,-0.13005751356015582,-0.009970351957260037,-0.04944176729900318,False,3
2002-12-12,2005-12-13,2008-02-13,756,WAIT_NEXT,0.04483137760838596,0.0,0.09976582497955522,0.0,False,0
2002-12-12,2006-06-12,2008-02-13,879,HOLD25,0.06991268304345222,-0.2440945475894396,0.1196845656387866,0.025044000941344402,True,2
2002-12-12,2006-06-12,2008-02-13,879,HOLD50,0.09456827998878081,-0.3940702901415305,0.1631824859797404,0.049699597886673,True,2
2002-12-12,2006-06-12,2008-02-13,879,HOLD100,0.1427459033666274,-0.5643134086518344,0.250091374297148,0.09787722126451959,True,2
2002-12-12,2006-06-12,2008-02-13,879,I25_X60_3D,0.04938229878688083,0.0,0.08397491305610738,0.004513616684773014,True,2
2002-12-12,2006-06-12,2008-02-13,879,I25_X80_3D,0.04938229878688083,0.0,0.08397491305610738,0.004513616684773014,True,2
2002-12-12,2006-06-12,2008-02-13,879,I25_X100_3D,0.04938229878688083,0.0,0.08397491305610738,0.004513616684773014,True,2
2002-12-12,2006-06-12,2008-02-13,879,I25_X110NEG20,0.04938229878688083,0.0,0.08397491305610738,0.004513616684773014,True,2
2002-12-12,2006-06-12,2008-02-13,879,I25_XDD63_10,0.04938229878688083,0.0,0.08397491305610738,0.004513616684773014,True,2
2002-12-12,2006-06-12,2008-02-13,879,I50_X60_3D,0.05388289013431358,-6.0285533141635206e-05,0.09176318081438328,0.009014208032205762,True,2
2002-12-12,2006-06-12,2008-02-13,879,I50_X80_3D,0.05388289013431358,-6.0285533141635206e-05,0.09176318081438328,0.009014208032205762,True,2
2002-12-12,2006-06-12,2008-02-13,879,I50_X100_3D,0.05388289013431358,-6.0285533141635206e-05,0.09176318081438328,0.009014208032205762,True,2
2002-12-12,2006-06-12,2008-02-13,879,I50_X110NEG20,0.05388289013431358,-6.0285533141635206e-05,0.09176318081438328,0.009014208032205762,True,2
2002-12-12,2006-06-12,2008-02-13,879,L25_50_PB5_X60,0.04938229878688083,0.0,0.08397491305610738,0.004513616684773014,True,2
2002-12-12,2006-06-12,2008-02-13,879,L25_50_PB5_X80,0.04938229878688083,0.0,0.08397491305610738,0.004513616684773014,True,2
2002-12-12,2006-06-12,2008-02-13,879,L25_50_PB5_X100,0.04938229878688083,0.0,0.08397491305610738,0.004513616684773014,True,2
2002-12-12,2006-06-12,2008-02-13,879,L25_50_PB5_X110NEG20,0.04938229878688083,0.0,0.08397491305610738,0.004513616684773014,True,2
2002-12-12,2006-06-12,2008-02-13,879,WAIT_NEXT,0.044868682102107815,0.0,0.07618664529783192,0.0,False,0
2002-12-12,2006-12-14,2008-02-13,1009,HOLD25,-0.009572726505385654,-0.18817446247504088,-0.011156220625275881,-0.05177010590513842,False,2
2002-12-12,2006-12-14,2008-02-13,1009,HOLD50,-0.06179719375895598,-0.3411325832304861,-0.07170003729598129,-0.10399457315870875,False,2
2002-12-12,2006-12-14,2008-02-13,1009,HOLD100,-0.16764361848959453,-0.5643134086518344,-0.19266664351761087,-0.2098409978893473,False,2
2002-12-12,2006-12-14,2008-02-13,1009,I25_X60_3D,0.0311167637453853,-0.02899760721360678,0.03638611662891056,-0.011080615654367465,False,2
2002-12-12,2006-12-14,2008-02-13,1009,I25_X80_3D,0.004557283914462529,-0.047650825314122014,0.005317392973928081,-0.03764009548529024,False,2
2002-12-12,2006-12-14,2008-02-13,1009,I25_X100_3D,0.004557283914462529,-0.047650825314122014,0.005317392973928081,-0.03764009548529024,False,2
2002-12-12,2006-12-14,2008-02-13,1009,I25_X110NEG20,-0.016555201243012574,-0.1747653040376146,-0.019282420970765934,-0.05875258064276534,False,2
2002-12-12,2006-12-14,2008-02-13,1009,I25_XDD63_10,0.08622212993113099,-0.1075602839617632,0.10126961140879431,0.04402475053137822,True,2
2002-12-12,2006-12-14,2008-02-13,1009,I50_X60_3D,0.020016304230343618,-0.05909515521221398,0.023384637212388037,-0.022181075169409148,False,2
2002-12-12,2006-12-14,2008-02-13,1009,I50_X80_3D,-0.0333189631203743,-0.09838390818796683,-0.038752810097574586,-0.07551634252012707,False,2
2002-12-12,2006-12-14,2008-02-13,1009,I50_X100_3D,-0.0333189631203743,-0.09838390818796683,-0.038752810097574586,-0.07551634252012707,False,2
2002-12-12,2006-12-14,2008-02-13,1009,I50_X110NEG20,-0.07589797413163835,-0.31672480618327614,-0.08795243798696206,-0.11809535353139111,False,2
2002-12-12,2006-12-14,2008-02-13,1009,L25_50_PB5_X60,0.0311167637453853,-0.02899760721360678,0.03638611662891056,-0.011080615654367465,False,2
2002-12-12,2006-12-14,2008-02-13,1009,L25_50_PB5_X80,0.004557283914462529,-0.047650825314122014,0.005317392973928081,-0.03764009548529024,False,2
2002-12-12,2006-12-14,2008-02-13,1009,L25_50_PB5_X100,0.004557283914462529,-0.047650825314122014,0.005317392973928081,-0.03764009548529024,False,2
2002-12-12,2006-12-14,2008-02-13,1009,L25_50_PB5_X110NEG20,-0.04437245041490001,-0.3392750807077686,-0.05156032702342872,-0.08656982981465278,False,3
2002-12-12,2006-12-14,2008-02-13,1009,WAIT_NEXT,0.042197379399752766,0.0,0.049387596045428195,0.0,False,0
2009-04-22,2011-04-21,2018-12-21,505,HOLD25,0.15267797262143512,-0.4717168058000085,1.9732474033652574,0.1483916048708538,True,2
2009-04-22,2011-04-21,2018-12-21,505,HOLD50,0.23069770783589094,-0.5197377081578636,3.9131495308721975,0.2264113400853096,True,2
2009-04-22,2011-04-21,2018-12-21,505,HOLD100,0.3276620240705581,-0.5475367824704787,7.789075920563732,0.3233756563199768,True,2
2009-04-22,2011-04-21,2018-12-21,505,I25_X60_3D,0.0018809531638366295,-0.03399355573423413,0.014515592948803668,-0.002405414586744703,False,2
2009-04-22,2011-04-21,2018-12-21,505,I25_X80_3D,0.0018809531638366295,-0.03399355573423413,0.014515592948803668,-0.002405414586744703,False,2
2009-04-22,2011-04-21,2018-12-21,505,I25_X100_3D,0.0018809531638366295,-0.03399355573423413,0.014515592948803668,-0.002405414586744703,False,2
2009-04-22,2011-04-21,2018-12-21,505,I25_X110NEG20,5.38692034794952e-05,-0.06513515293786998,0.0004131905369166855,-0.004232498547101837,False,2
2009-04-22,2011-04-21,2018-12-21,505,I25_XDD63_10,-0.005555360567808809,-0.10339535035938474,-0.04182242540759207,-0.009841728318390142,False,2
2009-04-22,2011-04-21,2018-12-21,505,I50_X60_3D,-0.0005636032157957382,-0.06737714995573374,-0.004314089960707701,-0.004849970966377071,False,2
2009-04-22,2011-04-21,2018-12-21,505,I50_X80_3D,-0.0005636032157957382,-0.06737714995573374,-0.004314089960707701,-0.004849970966377071,False,2
2009-04-22,2011-04-21,2018-12-21,505,I50_X100_3D,-0.0005636032157957382,-0.06737714995573374,-0.004314089960707701,-0.004849970966377071,False,2
2009-04-22,2011-04-21,2018-12-21,505,I50_X110NEG20,-0.004301572022926803,-0.12910892020205222,-0.03251889478447434,-0.008587939773508135,False,2
2009-04-22,2011-04-21,2018-12-21,505,L25_50_PB5_X60,0.0018809531638366295,-0.03399355573423413,0.014515592948803668,-0.002405414586744703,False,2
2009-04-22,2011-04-21,2018-12-21,505,L25_50_PB5_X80,0.0018809531638366295,-0.03399355573423413,0.014515592948803668,-0.002405414586744703,False,2
2009-04-22,2011-04-21,2018-12-21,505,L25_50_PB5_X100,0.0018809531638366295,-0.03399355573423413,0.014515592948803668,-0.002405414586744703,False,2
2009-04-22,2011-04-21,2018-12-21,505,L25_50_PB5_X110NEG20,0.0005438380776068286,-0.09164814800083332,0.004178198382790876,-0.003742529672974504,False,3
2009-04-22,2011-04-21,2018-12-21,505,WAIT_NEXT,0.0042863677505813325,0.0,0.033345275858313705,0.0,False,0
2009-04-22,2012-04-20,2018-12-21,756,HOLD25,0.15559575003442783,-0.45967985013022883,1.623534589079866,0.15071281417858606,True,2
2009-04-22,2012-04-20,2018-12-21,756,HOLD50,0.24069357064455765,-0.5148031592068947,3.21404800166579,0.2358106347887159,True,2
2009-04-22,2012-04-20,2018-12-21,756,HOLD100,0.34976201561180686,-0.5475367824704787,6.391895389731021,0.3448790797559651,True,2
2009-04-22,2012-04-20,2018-12-21,756,I25_X60_3D,0.0034202619769980735,-0.03316666633168586,0.02303393353066796,-0.00146267387884369,False,2
2009-04-22,2012-04-20,2018-12-21,756,I25_X80_3D,0.002006397526781889,-0.04220618660345232,0.01345810072014375,-0.0028765383290598745,False,2
2009-04-22,2012-04-20,2018-12-21,756,I25_X100_3D,0.00012038882109965954,-0.07063658485380442,0.0008032123085957021,-0.004762547034742104,False,2
2009-04-22,2012-04-20,2018-12-21,756,I25_X110NEG20,0.07638292718080031,-0.22878770520725933,0.6338188513883896,0.07149999132495855,True,2
2009-04-22,2012-04-20,2018-12-21,756,I25_XDD63_10,0.00012038882109965954,-0.07063658485380442,0.0008032123085957021,-0.004762547034742104,False,2
2009-04-22,2012-04-20,2018-12-21,756,I50_X60_3D,0.001945399095048428,-0.06481885505343321,0.013046690567387609,-0.0029375367607933356,False,2
2009-04-22,2012-04-20,2018-12-21,756,I50_X80_3D,-0.0009177356860299302,-0.08248864074689044,-0.006104975053652928,-0.005800671541871694,False,2
2009-04-22,2012-04-20,2018-12-21,756,I50_X100_3D,-0.004774319700288965,-0.13804376902601823,-0.03141475187674858,-0.009657255556130728,False,2
2009-04-22,2012-04-20,2018-12-21,756,I50_X110NEG20,0.12812668734966737,-0.30797048017168016,1.2346165262828381,0.1232437514938256,True,2
2009-04-22,2012-04-20,2018-12-21,756,L25_50_PB5_X60,0.0034202619769980735,-0.03316666633168586,0.02303393353066796,-0.00146267387884369,False,2
2009-04-22,2012-04-20,2018-12-21,756,L25_50_PB5_X80,0.002006397526781889,-0.04220618660345232,0.01345810072014375,-0.0028765383290598745,False,2
2009-04-22,2012-04-20,2018-12-21,756,L25_50_PB5_X100,-0.0017274728764559155,-0.10094498493638204,-0.01146518302115973,-0.006610408732297679,False,3
2009-04-22,2012-04-20,2018-12-21,756,L25_50_PB5_X110NEG20,0.13596167585567587,-0.3124366401792579,1.3401858981235661,0.1310787399998341,True,3
2009-04-22,2012-04-20,2018-12-21,756,WAIT_NEXT,0.0048829358558417635,0.0,0.03302117649394232,0.0,False,0
2009-04-22,2012-10-15,2018-12-21,879,HOLD25,0.1549481971380786,-0.45155567754161907,1.4365400032186715,0.14974855765628003,True,2
2009-04-22,2012-10-15,2018-12-21,879,HOLD50,0.2431614741712682,-0.5113813910908107,2.8404985894018013,0.23796183468946963,True,2
2009-04-22,2012-10-15,2018-12-21,879,HOLD100,0.35846674433278225,-0.5475367824704787,5.645609247852648,0.35326710485098367,True,2
2009-04-22,2012-10-15,2018-12-21,879,I25_X60_3D,0.0002388006786961938,-0.030100618924277067,0.00147722590897148,-0.004960838803102385,False,2
2009-04-22,2012-10-15,2018-12-21,879,I25_X80_3D,-0.00012758958055958391,-0.03229108562688687,-0.0007885228190972482,-0.005327229062358163,False,2
2009-04-22,2012-10-15,2018-12-21,879,I25_X100_3D,0.0002524708571443046,-0.032182124232086995,0.0015618452373946656,-0.0049471686246542745,False,2
2009-04-22,2012-10-15,2018-12-21,879,I25_X110NEG20,0.07309815228169514,-0.21932962036036407,0.5467460177295029,0.06789851279989656,True,2
2009-04-22,2012-10-15,2018-12-21,879,I25_XDD63_10,-0.003156192952225134,-0.05228945448032862,-0.01935332675162893,-0.008355832434023713,False,2
2009-04-22,2012-10-15,2018-12-21,879,I50_X60_3D,-0.004852917129994028,-0.06022405552578847,-0.02962696521760244,-0.010052556611792607,False,2
2009-04-22,2012-10-15,2018-12-21,879,I50_X80_3D,-0.005606098011799787,-0.06460895727558169,-0.03415846267374467,-0.010805737493598366,False,2
2009-04-22,2012-10-15,2018-12-21,879,I50_X100_3D,-0.004824845104465569,-0.06439103448598194,-0.029457726560762953,-0.010024484586264149,False,2
2009-04-22,2012-10-15,2018-12-21,879,I50_X110NEG20,0.12408874278615567,-0.3021272629437828,1.0609106184234558,0.11888910330435709,True,2
2009-04-22,2012-10-15,2018-12-21,879,L25_50_PB5_X60,0.0002388006786961938,-0.030100618924277067,0.00147722590897148,-0.004960838803102385,False,2
2009-04-22,2012-10-15,2018-12-21,879,L25_50_PB5_X80,-0.00012758958055958391,-0.03229108562688687,-0.0007885228190972482,-0.005327229062358163,False,2
2009-04-22,2012-10-15,2018-12-21,879,L25_50_PB5_X100,0.0002524708571443046,-0.032182124232086995,0.0015618452373946656,-0.0049471686246542745,False,2
2009-04-22,2012-10-15,2018-12-21,879,L25_50_PB5_X110NEG20,0.14739632070363284,-0.314511159322467,1.3396998739083887,0.14219668122183426,True,3
2009-04-22,2012-10-15,2018-12-21,879,WAIT_NEXT,0.005199639481798579,0.0,0.03258141703554718,0.0,False,0
2009-04-22,2013-04-25,2018-12-21,1009,HOLD25,0.16378800044298347,-0.4477203577243908,1.3583954027069987,0.15817219730614207,True,2
2009-04-22,2013-04-25,2018-12-21,1009,HOLD50,0.2593044663526316,-0.5097396217490201,2.6846067321962117,0.2536886632157902,True,2
2009-04-22,2013-04-25,2018-12-21,1009,HOLD100,0.38589733903557755,-0.5475367824704787,5.334378294064211,0.38028153589873614,True,2
2009-04-22,2013-04-25,2018-12-21,1009,I25_X60_3D,0.006702362786142668,-0.049848240601096605,0.038508486621726234,0.0010865596493012664,True,2
2009-04-22,2013-04-25,2018-12-21,1009,I25_X80_3D,0.04525810701347521,-0.07318298685339841,0.2845123534868932,0.03964230387663381,True,2
2009-04-22,2013-04-25,2018-12-21,1009,I25_X100_3D,0.04525810701347521,-0.07318298685339841,0.2845123534868932,0.03964230387663381,True,2
2009-04-22,2013-04-25,2018-12-21,1009,I25_X110NEG20,0.07560970778694198,-0.21502279148807657,0.5102727554579618,0.06999390465010058,True,2
2009-04-22,2013-04-25,2018-12-21,1009,I25_XDD63_10,0.06744216966751648,-0.21035628590696398,0.4465395037485005,0.06182636653067508,True,2
2009-04-22,2013-04-25,2018-12-21,1009,I50_X60_3D,0.00778348878789159,-0.09491622142494505,0.04483290002567464,0.0021676856510501885,True,2
2009-04-22,2013-04-25,2018-12-21,1009,I50_X80_3D,0.07893082786542749,-0.11876179479960558,0.5368406337559939,0.07331502472858609,True,2
2009-04-22,2013-04-25,2018-12-21,1009,I50_X100_3D,0.07893082786542749,-0.11876179479960558,0.5368406337559939,0.07331502472858609,True,2
2009-04-22,2013-04-25,2018-12-21,1009,I50_X110NEG20,0.12919819391979637,-0.29937520790863137,0.9883614376981333,0.12358239078295497,True,2
2009-04-22,2013-04-25,2018-12-21,1009,L25_50_PB5_X60,0.006702362786142668,-0.049848240601096605,0.038508486621726234,0.0010865596493012664,True,2
2009-04-22,2013-04-25,2018-12-21,1009,L25_50_PB5_X80,0.07695870419893502,-0.11781650109484876,0.5210183071779357,0.07134290106209362,True,3
2009-04-22,2013-04-25,2018-12-21,1009,L25_50_PB5_X100,0.07695870419893502,-0.11781650109484876,0.5210183071779357,0.07134290106209362,True,3
2009-04-22,2013-04-25,2018-12-21,1009,L25_50_PB5_X110NEG20,0.12674565362077495,-0.2978696526586836,0.9640565042609597,0.12112985048393354,True,3
2009-04-22,2013-04-25,2018-12-21,1009,WAIT_NEXT,0.005615803136841402,0.0,0.0321840732177876,0.0,False,0
