core,core_pct,initial_cash_pct,budget_pct,ratchet,CAGR,MDD,Calmar,Final,MaxUnderwaterDays,DotCom_Return,DotCom_MDD,GFC_Return,GFC_MDD,COVID_Return,COVID_MDD,2022_Bear_Return,2022_Bear_MDD,Actual_TQQQ_Era_Return,Actual_TQQQ_Era_MDD,FinalMultiple,ActualEra_CAGR,ActualEra_MDD,Max_TQQQ_Weight,Avg_TQQQ_Weight,Min_Reserve_Cash_Pct,RatchetTrades,Avg_Actual_Funding_Pct,Min_Actual_Funding_Pct,Baseline_CAGR,Baseline_MDD,CAGR_Increment,MDD_Change
SPY,0.4,0.6,0.1,NONE,0.10900348490337541,-0.4806485780605375,0.2267841618157174,17.165249161889573,2295,-0.12126040789684012,-0.194199521853065,-0.1846587700883746,-0.30223795338008563,0.1358052124369149,-0.0673812062726995,-0.1153164691688825,-0.2088639691470715,10.872410129148221,-0.4806485780605375,17.165249161889573,0.1612461301123682,-0.4806485780605375,0.8459528959019448,0.24720670271308917,0.05861013093229396,0,0.09999999999999999,0.1,0.05929784653910963,-0.21588127900813414,0.04970563836426578,-0.26476729905240337
SPY,0.4,0.6,0.1,MILD,0.10928469181700584,-0.39688365392659,0.2753569987974859,17.28524912956569,2010,-0.12126040789684012,-0.194199521853065,-0.1846587700883746,-0.30223795338008563,0.13568723758743895,-0.06684197078990073,-0.11521964984916766,-0.2086504633745906,10.95540856501704,-0.39688365392659,17.28524912956569,0.16173502788644356,-0.39688365392659,0.7548196174267535,0.23019711935445333,0.1211738244132302,2,0.09999999999999999,0.1,0.05929784653910963,-0.21588127900813414,0.04998684527789621,-0.18100237491845583
SPY,0.4,0.6,0.1,BAL,0.10268246841572792,-0.39074767739613125,0.26278459055722225,14.670283347181462,1972,-0.12126040789684012,-0.194199521853065,-0.1846587700883746,-0.30223795338008563,0.13877500305626755,-0.08093180065925687,-0.11772403074858306,-0.21417243959393428,9.146757496258715,-0.39074767739613125,14.670283347181462,0.15027821184792756,-0.39074767739613125,0.6696070865910515,0.21773652038675836,0.19437884846599685,2,0.09999999999999999,0.1,0.05929784653910963,-0.21588127900813414,0.04338462187661829,-0.1748663983879971
SPY,0.4,0.6,0.15,NONE,0.12803131434911363,-0.5025183621049027,0.25477937525074273,27.394388482212484,2136,-0.1369375093946753,-0.21547563734712538,-0.20026511397874192,-0.33620560117693354,0.19057510809418665,-0.048872850150890934,-0.15194945961677753,-0.2543983599428068,16.49593749174861,-0.5025183621049027,27.394388482212484,0.18877320345949733,-0.5025183621049027,0.895935085887803,0.3113319188526709,0.038665460107553506,0,0.15,0.15,0.05929784653910963,-0.21588127900813414,0.068733467810004,-0.2866370830967686
SPY,0.4,0.6,0.15,MILD,0.12425229811885763,-0.44723327827852544,0.27782435734014516,24.98138296775755,2010,-0.1369375093946753,-0.21547563734712538,-0.20026511397874192,-0.33620560117693354,0.19163535914823893,-0.05412394440012491,-0.15255473989208856,-0.25599817439747896,14.95482648372006,-0.44723327827852544,24.98138296775755,0.18216869920799938,-0.44723327827852544,0.7908572745225236,0.2915844978676191,0.12837632037721722,2,0.15,0.15,0.05929784653910963,-0.21588127900813414,0.064954451579748,-0.2313519992703913
SPY,0.4,0.6,0.15,BAL,0.11837524597251758,-0.43784181826698465,0.2703607582324067,21.630713118195267,1930,-0.1369375093946753,-0.21547563734712538,-0.20026511397874192,-0.33620560117693354,0.1940432125124898,-0.06602408558281725,-0.09593842702947486,-0.20095202046922167,12.814858647551965,-0.43784181826698465,21.630713118195267,0.1719265986963887,-0.43784181826698465,0.7667780402818143,0.25934885880623304,0.13211004660449888,4,0.15,0.15,0.05929784653910963,-0.21588127900813414,0.05907739943340795,-0.2219605392588505
SPY,0.4,0.6,0.2,NONE,0.14468708621143245,-0.5144282580007224,0.28125804514267033,40.98019267698599,2111,-0.15244916288745924,-0.23642419338010456,-0.21269509241826878,-0.3648336275062526,0.24733978524776057,-0.04213425837250939,-0.18284762493409745,-0.2938231576242173,23.25652098533114,-0.5144282580007224,40.98019267698599,0.21247324322739924,-0.5144282580007224,0.9231265562254126,0.3628186946676661,0.02775233607005039,0,0.19999999999999998,0.2,0.05929784653910963,-0.21588127900813414,0.08538923967232281,-0.2985469789925883
SPY,0.4,0.6,0.2,MILD,0.13947189658158332,-0.4737984970334933,0.294369647550241,36.14775366034433,1176,-0.15244916288745924,-0.23642419338010456,-0.21269509241826878,-0.3648336275062526,0.24855030747406937,-0.044375226533239887,-0.18329235476277128,-0.29537193866872036,20.396159655616604,-0.4737984970334933,36.14775366034433,0.20331597707466287,-0.4737984970334933,0.8451245984743445,0.33726253668616096,0.09224352019540047,3,0.19999999999999998,0.2,0.05929784653910963,-0.21588127900813414,0.08017405004247369,-0.25791721802535916
SPY,0.4,0.6,0.2,BAL,0.13618011571694932,-0.35845798163941267,0.3799053799670679,33.38546887124138,1088,-0.15244916288745924,-0.23642419338010456,-0.15709234099456437,-0.3102728184326682,0.24860106092572032,-0.044648740197927306,-0.13018054761165232,-0.23944719047104335,17.49860151699555,-0.35845798163941267,33.38546887124138,0.19278257714430924,-0.35845798163941267,0.8031579778616811,0.2937260394415115,0.1151815612353572,6,0.19999999999999998,0.19999999999999998,0.05929784653910963,-0.21588127900813414,0.07688226917783969,-0.14257670263127853
SPY,0.4,0.6,0.25,NONE,0.15955972389821294,-0.5219099148108971,0.30572272986234794,58.428256390873706,1988,-0.16779615217911625,-0.2570484943063376,-0.2225556750803125,-0.3892913910417686,0.3050939121979235,-0.04940883877749458,-0.20843378759139153,-0.3271951799777868,31.1608035485731,-0.5219099148108971,58.428256390873706,0.23331379268204788,-0.5219099148108971,0.9401874806785153,0.4060789107977743,0.0208590898908247,0,0.25,0.25,0.05929784653910963,-0.21588127900813414,0.1002618773591033,-0.30602863580276296
SPY,0.4,0.6,0.25,MILD,0.15120748964156872,-0.49019949439572996,0.3084611293366643,47.902310224339075,1160,-0.16779615217911625,-0.2570484943063376,-0.2225556750803125,-0.3892913910417686,0.3062333738653431,-0.050363332519880566,-0.20865935363923704,-0.3284557156376099,25.366982070141088,-0.49019949439572996,47.902310224339075,0.21860040211976384,-0.49019949439572996,0.878848135892434,0.3771250909932349,0.07034132189160658,3,0.25,0.25,0.05929784653910963,-0.21588127900813414,0.09190964310245908,-0.2743182153875958
SPY,0.4,0.6,0.25,BAL,0.14193013089649487,-0.39834584276356244,0.3562987626828009,38.35288304698009,1086,-0.16779615217911625,-0.2570484943063376,-0.17425583572480108,-0.3394242260163268,0.301763853409422,-0.05110951113117457,-0.15262848582269573,-0.27192971843448077,19.66694983051508,-0.39834584276356244,38.35288304698009,0.20079752054033784,-0.39834584276356244,0.800994333556278,0.31908864977083945,0.11416781940625428,6,0.25,0.25,0.05929784653910963,-0.21588127900813414,0.08263228435738523,-0.1824645637554283
SPY,0.6,0.4,0.1,NONE,0.1110365417146717,-0.46961307624745585,0.23644261058898325,18.051226090529,2113,-0.21407365384098065,-0.2957915444809259,-0.251918634213271,-0.3906458798457434,0.14356043567698307,-0.1026716374702723,-0.12148704976096947,-0.22257278845438822,12.359333067531155,-0.46961307624745585,18.051226090529,0.16955482968906455,-0.46961307624745585,0.8058303236843032,0.23200349095791728,0.04104258461976794,0,0.09999999999999999,0.1,0.07012439046792451,-0.32821330415372374,0.040912151246747186,-0.1413997720937321
SPY,0.6,0.4,0.1,MILD,0.10966753595567025,-0.43849011776125735,0.25010263974838404,17.44992106039972,2002,-0.21407365384098065,-0.2957915444809259,-0.251918634213271,-0.3906458798457434,0.14452398001117017,-0.1070348036456199,-0.12222793396539933,-0.22443851623335231,11.914319851675774,-0.43849011776125735,17.44992106039972,0.16716324835927976,-0.43849011776125735,0.7438360031178999,0.22007344838474105,0.0864074662048089,1,0.09999999999999999,0.1,0.07012439046792451,-0.32821330415372374,0.039543145487745734,-0.11027681360753361
SPY,0.6,0.4,0.1,BAL,0.1070336059346444,-0.3906458798457434,0.27399138569414677,16.34686456818676,1238,-0.21407365384098065,-0.2957915444809259,-0.251918634213271,-0.3906458798457434,0.14652410628697643,-0.11607680444198731,-0.1237484199302179,-0.22870030259557628,11.097970923471546,-0.3724466310570257,16.34686456818676,0.16256738840171026,-0.3724466310570257,0.6114936222572409,0.2047077725288513,0.13155956859947626,2,0.09999999999999999,0.1,0.07012439046792451,-0.32821330415372374,0.03690921546671988,-0.062432575692019654
SPY,0.6,0.4,0.15,NONE,0.12822644427599106,-0.4941213595513514,0.2595039493787865,27.52489691552377,2106,-0.22880498321672216,-0.31528206409819126,-0.2627831718125164,-0.41596691796081897,0.19619717812341375,-0.0766398966271955,-0.1551047658329724,-0.2627390059568452,17.87662793462185,-0.4941213595513514,27.52489691552377,0.19424137399642372,-0.4941213595513514,0.8663877089810205,0.29628484858683213,0.027107000644330075,0,0.15,0.15,0.07012439046792451,-0.32821330415372374,0.058102053808066545,-0.16590805539762765
SPY,0.6,0.4,0.15,MILD,0.12640632403941976,-0.42958074074094776,0.29425510049959896,26.330464918654783,1217,-0.22880498321672216,-0.31528206409819126,-0.2627831718125164,-0.41596691796081897,0.19701271945527998,-0.08065202699070462,-0.1555515932158792,-0.2639203098584275,17.057484143918423,-0.42958074074094776,26.330464918654783,0.19104447528093838,-0.42958074074094776,0.7513567799139514,0.27866103592462055,0.08585245619686305,2,0.15,0.15,0.07012439046792451,-0.32821330415372374,0.056281933571495246,-0.10136743658722402
SPY,0.6,0.4,0.15,BAL,0.12132852387696613,-0.4229399313998816,0.2868693988656567,23.25635386926726,1217,-0.22880498321672216,-0.31528206409819126,-0.2627831718125164,-0.41596691796081897,0.20054990583544985,-0.09800755438810582,-0.09845044091117239,-0.21314911941109316,14.949252796600623,-0.4229399313998816,23.25635386926726,0.18214374256057408,-0.4229399313998816,0.7197838402875797,0.24634467556349318,0.12180556890284998,4,0.15,0.15,0.07012439046792451,-0.32821330415372374,0.05120413340904162,-0.09472662724615788
SPY,0.6,0.4,0.2,NONE,0.14368828290258961,-0.507772109470767,0.2829778954428018,40.0089272289657,2010,-0.2433737900241727,-0.3344602540708428,-0.27129126428837524,-0.4375471435134668,0.25153688741069247,-0.06043879450050049,-0.18437319824290455,-0.29913716654408595,24.510131891873982,-0.507772109470767,40.0089272289657,0.21617037276781725,-0.507772109470767,0.9000777118610871,0.34824445372622365,0.01927316952651641,0,0.19999999999999998,0.2,0.07012439046792451,-0.32821330415372374,0.0735638924346651,-0.17955880531704327
SPY,0.6,0.4,0.2,MILD,0.13929286379851336,-0.4583959840060321,0.3038701660978783,35.99201856004565,1210,-0.2433737900241727,-0.3344602540708428,-0.27129126428837524,-0.4375471435134668,0.25294180976900993,-0.06797332035963655,-0.18487373431085874,-0.3008813954075388,21.948906759409674,-0.4583959840060321,35.99201856004565,0.2084204063504329,-0.4583959840060321,0.8040705208079524,0.3290542983931427,0.08818654947642945,2,0.19999999999999998,0.19999999999999998,0.07012439046792451,-0.32821330415372374,0.06916847333058884,-0.13018267985230836
SPY,0.6,0.4,0.2,BAL,0.12988154683847597,-0.450297084029776,0.2884352385233024,28.65623231740191,1210,-0.2433737900241727,-0.3344602540708428,-0.27129126428837524,-0.4375471435134668,0.2558753007442338,-0.08366038989658386,-0.13237016613777342,-0.2483309920843465,17.271528795499837,-0.450297084029776,28.65623231740191,0.19189278296033985,-0.450297084029776,0.7800860039947015,0.28499162663863437,0.092754107142006,4,0.19999999999999998,0.2,0.07012439046792451,-0.32821330415372374,0.059757156370551456,-0.12208377987605223
SPY,0.6,0.4,0.25,NONE,0.15773362515832656,-0.5164549132726324,0.3054160607337668,55.951942703087774,1162,-0.2577808671217995,-0.3533293183121311,-0.2778684087719979,-0.45616200480253755,0.3082907244494171,-0.05208836603804168,-0.2090621344718484,-0.33070742350093874,32.271151826246815,-0.5164549132726324,55.951942703087774,0.23584568369167314,-0.5164549132726324,0.9214781476239794,0.3920286548237288,0.014237509035244324,0,0.25,0.25,0.07012439046792451,-0.32821330415372374,0.08760923469040205,-0.18824160911890864
SPY,0.6,0.4,0.25,MILD,0.15084663824762257,-0.4799346657622682,0.3143066108967908,47.49143550323972,1134,-0.2577808671217995,-0.3533293183121311,-0.2778684087719979,-0.45616200480253755,0.3098372315039908,-0.058533059497472784,-0.20936116196052135,-0.33237980423398694,27.24021266713761,-0.4799346657622682,47.49143550323972,0.22366434659010737,-0.4799346657622682,0.8492289188004193,0.3629833875286604,0.06832575260130676,3,0.25,0.25,0.07012439046792451,-0.32821330415372374,0.08072224777969805,-0.15172136160854444
SPY,0.6,0.4,0.25,BAL,0.1448333481841626,-0.412008538614946,0.35152996748817533,41.124315515534484,1134,-0.2577808671217995,-0.3533293183121311,-0.23405932493152182,-0.412008538614946,0.30507061616124775,-0.0611887785516696,-0.15552209811622741,-0.2779672123211724,22.695239671169755,-0.37275335293522127,41.124315515534484,0.21075938103592584,-0.37275335293522127,0.800523366198624,0.3070869729180747,0.08131242959796595,6,0.25,0.25,0.07012439046792451,-0.32821330415372374,0.07470895771623809,-0.08379523446122228
SPY,0.8,0.19999999999999996,0.1,NONE,0.11297562876766332,-0.48104185385337306,0.23485613125484825,18.937203019168493,1974,-0.30530045773878023,-0.39326450067043217,-0.3202867644282118,-0.48104185385337306,0.15157940688437632,-0.13884014455288818,-0.12748964318761657,-0.23919352830026652,14.07014058935212,-0.4569146712433184,18.937203019168493,0.17810106640174195,-0.4569146712433184,0.7596997472154969,0.21575172542608745,0.02082784298101942,0,0.09999999999999999,0.1,0.07865399990891064,-0.440978939050936,0.03432162885875267,-0.040062914802437066
SPY,0.8,0.19999999999999996,0.1,MILD,0.11261867638205225,-0.48104185385337306,0.2341140910711268,18.77102371534409,1899,-0.30530045773878023,-0.39326450067043217,-0.3202867644282118,-0.48104185385337306,0.15193568021595216,-0.14043953822347233,-0.12774795723215415,-0.23992385434497632,13.937895850298549,-0.41823431295451885,18.77102371534409,0.17747383824312823,-0.41823431295451885,0.68326255766992,0.20961822578835435,0.042289577042571906,1,0.09999999999999999,0.1,0.07865399990891064,-0.440978939050936,0.03396467647314161,-0.040062914802437066
SPY,0.8,0.19999999999999996,0.1,BAL,0.11131080862070242,-0.48104185385337306,0.231395267852579,18.174069280703932,1899,-0.30530045773878023,-0.39326450067043217,-0.3202867644282118,-0.48104185385337306,0.15328704822052885,-0.14650035100150516,-0.1287215179896748,-0.24267495689830154,13.462842208725487,-0.34531716671468815,18.174069280703932,0.17517681957119846,-0.34531716671468815,0.6037685612904476,0.19062853192621196,0.07553824566303587,2,0.09999999999999999,0.1,0.07865399990891064,-0.440978939050936,0.032656808711791774,-0.040062914802437066
SPY,0.8,0.19999999999999996,0.15,NONE,0.12842068470020163,-0.4985851653323037,0.25757020791946367,27.655405348835007,1982,-0.31910218092484177,-0.41104213115548294,-0.32705539340578005,-0.4985851653323037,0.20233342857153414,-0.10673033358796735,-0.15840196066113277,-0.271481285226991,19.477344018076252,-0.48414069842034546,27.655405348835007,0.20012900890762308,-0.48414069842034546,0.8312941715941358,0.2796761802985394,0.01336863789367081,0,0.15,0.15,0.07865399990891064,-0.440978939050936,0.04976668479129098,-0.05760622628136769
SPY,0.8,0.19999999999999996,0.15,MILD,0.12883728728067956,-0.4985851653323037,0.2584057774659428,27.937330900074212,1548,-0.31910218092484177,-0.41104213115548294,-0.32705539340578005,-0.4985851653323037,0.20206997296163554,-0.1054430237931322,-0.15826341236817787,-0.2710906280722625,19.686094764174218,-0.4029047080020607,27.937330900074212,0.20086470105631915,-0.4029047080020607,0.7547482178945767,0.2631497574043391,0.03402956004308617,2,0.15,0.15,0.07865399990891064,-0.440978939050936,0.050183287371768914,-0.05760622628136769
SPY,0.8,0.19999999999999996,0.15,BAL,0.12366093638418207,-0.4985851653323037,0.24802369782053763,24.62282122242232,1548,-0.31910218092484177,-0.41104213115548294,-0.32705539340578005,-0.4985851653323037,0.20680490278305186,-0.12851650162215045,-0.1080774403923862,-0.23133434672740538,17.23187816295633,-0.39824057357717313,24.62282122242232,0.19173634556532293,-0.39824057357717313,0.652568915368152,0.2417049442991581,0.03402956004308617,4,0.15,0.15,0.07865399990891064,-0.440978939050936,0.04500693647527143,-0.05760622628136769
SPY,0.8,0.19999999999999996,0.2,NONE,0.14271208703625993,-0.5134007991193139,0.27797402590932424,39.08110265583524,1224,-0.33173332704131375,-0.4272328954051885,-0.33188947323535534,-0.5134007991193139,0.25625377029852947,-0.08567985783809007,-0.18603421938473907,-0.3049267290761436,25.96711780332677,-0.4997526944678087,39.08110265583524,0.2202585928136691,-0.4997526944678087,0.8723258941507892,0.33190539398579955,0.0,0,0.1973930826138527,0.18435849568311613,0.07865399990891064,-0.440978939050936,0.06405808712734928,-0.07242186006837792
SPY,0.8,0.19999999999999996,0.2,MILD,0.14010726666606566,-0.5134007991193139,0.2729003673278367,36.70570085719152,1224,-0.33173332704131375,-0.4272328954051885,-0.33188947323535534,-0.5134007991193139,0.25745023590679383,-0.09205741849912896,-0.1864468647971893,-0.30636562956684277,24.3280202400267,-0.4413196455328746,36.70570085719152,0.2156440341244783,-0.4413196455328746,0.7582388954527839,0.3137499043915717,0.0,2,0.1973930826138527,0.18435849568311613,0.07865399990891064,-0.440978939050936,0.06145326675715501,-0.07242186006837792
SPY,0.8,0.19999999999999996,0.2,BAL,0.13149799428722053,-0.5134007991193139,0.2561312614097831,29.804318829670457,1224,-0.33173332704131375,-0.4272328954051885,-0.33188947323535534,-0.5134007991193139,0.26132988216353104,-0.11266812597589948,-0.13540200533900992,-0.25616741412295374,19.56586233008005,-0.4353438753478601,29.804318829670457,0.20044182712773262,-0.4353438753478601,0.7343367740578943,0.2733901429154157,0.0,4,0.1973930826138527,0.18435849568311613,0.07865399990891064,-0.440978939050936,0.05284399437830989,-0.07242186006837792
QQQ,0.4,0.6,0.1,NONE,0.11524018137681624,-0.4749093697435235,0.24265720728789184,20.024967638647354,3670,-0.4366375141264739,-0.46475843733100797,-0.1371998110740088,-0.2740865915940417,0.20551637456908423,-0.07568174682679119,-0.14193899584077807,-0.2553598547307496,13.545668369461966,-0.4749093697435235,20.024967638647354,0.17558236211271194,-0.4749093697435235,0.8164595637220968,0.23999744879317464,0.05929156292377166,0,0.09999999999999999,0.1,0.07702498363098886,-0.4534727395353849,0.03821519774582738,-0.021436630208138574
QQQ,0.4,0.6,0.1,MILD,0.11618757557178161,-0.46475843733100797,0.2499956240472318,20.49768926497699,3670,-0.4366375141264739,-0.46475843733100797,-0.1371998110740088,-0.2740865915940417,0.2029965021014728,-0.07344011652165383,-0.14090724684835654,-0.2532359743336494,13.8890423080242,-0.38995209168902834,20.49768926497699,0.17724080865959535,-0.38995209168902834,0.7508430785361606,0.22552887919792042,0.10745153315950753,2,0.09999999999999999,0.1,0.07702498363098886,-0.4534727395353849,0.039162591940792746,-0.01128569779562305
QQQ,0.4,0.6,0.1,BAL,0.11059611372656186,-0.46475843733100797,0.23796472499065927,17.855632272777534,3670,-0.4366375141264739,-0.46475843733100797,-0.1371998110740088,-0.2740865915940417,0.2193936044341882,-0.08798779473072327,-0.14748317135014344,-0.2667592568669712,11.9699138722018,-0.38351789615001575,17.855632272777534,0.16746621610789392,-0.38351789615001575,0.6311953887579287,0.21088332199367757,0.1863334336890309,2,0.09999999999999999,0.1,0.07702498363098886,-0.4534727395353849,0.033571130095573,-0.01128569779562305
QQQ,0.4,0.6,0.15,NONE,0.13184118533423583,-0.49796581556490105,0.2647595100171141,30.053712584752578,2751,-0.44748496983990915,-0.47433356731655874,-0.1554515456840616,-0.31013237995296217,0.243769790777427,-0.056412393193036925,-0.16922790722287673,-0.28335262941906925,19.217384547455445,-0.49796581556490105,30.053712584752578,0.19920292847012044,-0.49796581556490105,0.874109046304499,0.3047235314009628,0.0395727949445685,0,0.15,0.15,0.07702498363098886,-0.4534727395353849,0.05481620170324697,-0.04449307602951613
QQQ,0.4,0.6,0.15,MILD,0.12925116690757554,-0.47433356731655874,0.2724900277220238,28.22015501353912,2751,-0.44748496983990915,-0.47433356731655874,-0.1554515456840616,-0.31013237995296217,0.2487236202406775,-0.06083312430349164,-0.17087514243912705,-0.2868256891133255,17.98393498934901,-0.4404878629344884,28.22015501353912,0.19465046869888614,-0.4404878629344884,0.762843023401011,0.2857716545636646,0.11651600695168277,2,0.15,0.15,0.07702498363098886,-0.4534727395353849,0.05222618327658668,-0.02086082778117382
QQQ,0.4,0.6,0.15,BAL,0.12467570408491713,-0.47433356731655874,0.26284394079517376,25.241192979280207,2751,-0.44748496983990915,-0.47433356731655874,-0.1554515456840616,-0.31013237995296217,0.2633905969720822,-0.0738724574635693,-0.11216894487124685,-0.2403809386229553,15.979962241255386,-0.432018463320502,25.241192979280207,0.1866250415828905,-0.432018463320502,0.7363248097224998,0.2540201393726231,0.1328172681287144,4,0.15,0.15,0.07702498363098886,-0.4534727395353849,0.047650720453928264,-0.02086082778117382
QQQ,0.4,0.6,0.2,NONE,0.1469133506283462,-0.5107315943997485,0.2876527558492053,43.22751856599683,2737,-0.45820383164551415,-0.48795400886006435,-0.17012968398975492,-0.3405407965806555,0.2902306886608259,-0.044479902839257957,-0.19463734942819266,-0.3137856752605329,26.02783291305119,-0.5107315943997485,43.22751856599683,0.22042441406818036,-0.5107315943997485,0.9059922598070388,0.35691328738669803,0.02860625704060714,0,0.19999999999999998,0.2,0.07702498363098886,-0.4534727395353849,0.06988836699735734,-0.05725885486436355
QQQ,0.4,0.6,0.2,MILD,0.1418416262577209,-0.48795400886006435,0.29068646569598794,38.271289030291825,2737,-0.45820383164551415,-0.48795400886006435,-0.17012968398975492,-0.3405407965806555,0.29769098482925394,-0.0511435873642877,-0.19663812137948422,-0.31782848219057735,22.92897023914477,-0.4657599282544882,38.271289030291825,0.2114776595035397,-0.4657599282544882,0.8175569657170536,0.3372364650536806,0.09970104145470332,2,0.19999999999999998,0.2,0.07702498363098886,-0.4534727395353849,0.06481664262673204,-0.03448126932467943
QQQ,0.4,0.6,0.2,BAL,0.14099059872895858,-0.48795400886006435,0.28894239245689224,37.495201046554605,2737,-0.45820383164551415,-0.48795400886006435,-0.11395761474290356,-0.28597372660898235,0.29635314584381045,-0.049950009020940045,-0.1439216474379963,-0.2626615161640399,21.00282498078286,-0.35283557680373845,37.495201046554605,0.20535048533941946,-0.35283557680373845,0.8006542644353953,0.29328044524604885,0.10035439955571573,6,0.19999999999999998,0.2,0.07702498363098886,-0.4534727395353849,0.06396561509796972,-0.03448126932467943
QQQ,0.4,0.6,0.25,NONE,0.16067936322976561,-0.5188266706260787,0.3096975778748432,59.99843454672536,2655,-0.46879479157110093,-0.5013855142671539,-0.1819216216122428,-0.366540457629448,0.34096110088982434,-0.050724738196851304,-0.2168205366700766,-0.34154703250577945,33.98291867791198,-0.5188266706260787,59.99843454672536,0.23959752767208475,-0.5188266706260787,0.9261836876860909,0.4008277972900316,0.021616162705303154,0,0.25,0.25,0.07702498363098886,-0.4534727395353849,0.08365437959877675,-0.06535393109069376
QQQ,0.4,0.6,0.25,MILD,0.15358884338287382,-0.5013855142671539,0.30632884080699,50.700939861284034,2655,-0.46879479157110093,-0.5013855142671539,-0.1819216216122428,-0.366540457629448,0.3494282201613672,-0.051883703890854505,-0.21865130358905338,-0.34547354786187745,28.56188556352609,-0.48534782286958755,50.700939861284034,0.22705071051648007,-0.48534782286958755,0.8591463999041146,0.3700777376918692,0.07290816979982447,3,0.25,0.25,0.07702498363098886,-0.4534727395353849,0.07656385975188496,-0.047912774731769026
QQQ,0.4,0.6,0.25,BAL,0.1465988261152953,-0.5013855142671539,0.29238743829599917,42.90296407553741,2662,-0.46879479157110093,-0.5013855142671539,-0.13132185640171412,-0.3151917016592004,0.3481190222770929,-0.052408173015081716,-0.16862908466598459,-0.29615355401547094,23.439519719096495,-0.3824346290395668,42.90296407553741,0.21302397768900638,-0.3824346290395668,0.8033312795776043,0.3146423884350002,0.10069429736228169,6,0.25,0.25,0.07702498363098886,-0.4534727395353849,0.06957384248430643,-0.047912774731769026
QQQ,0.6,0.4,0.1,NONE,0.11969069373921615,-0.6236494907233021,0.19191981316364123,22.340803805665654,4342,-0.5870791392255377,-0.6236494907233021,-0.18771644821797162,-0.35861798789579724,0.24782949944766774,-0.11300039750438895,-0.15816154552653405,-0.2886515467497103,16.90793490502088,-0.4599989850463069,22.340803805665654,0.19044615261614006,-0.4599989850463069,0.7568239284023811,0.22051695713711827,0.04166088017534018,0,0.09999999999999999,0.09999999999999999,0.08993604925626242,-0.6137000942016597,0.02975464448295373,-0.009949396521642395
QQQ,0.6,0.4,0.1,MILD,0.11914397163413426,-0.6236494907233021,0.19104316351794393,22.04299201423461,4342,-0.5870791392255377,-0.6236494907233021,-0.18771644821797162,-0.35861798789579724,0.2503353502830248,-0.1151915591631576,-0.1590613776869405,-0.2904925285160769,16.669215017353174,-0.42479271076116965,22.04299201423461,0.1894812740543952,-0.42479271076116965,0.6856990598255787,0.21446356091746127,0.09340848155315706,1,0.09999999999999999,0.1,0.08993604925626242,-0.6137000942016597,0.029207922377871842,-0.009949396521642395
QQQ,0.6,0.4,0.1,BAL,0.11780955522226533,-0.6236494907233021,0.18890347378562122,21.332081170484564,4342,-0.5870791392255377,-0.6236494907233021,-0.18771644821797162,-0.35861798789579724,0.2567373485842954,-0.1207800757356009,-0.16133158667362757,-0.29513456137388805,16.099363313542916,-0.3546781608250279,21.332081170484564,0.18712754550857413,-0.3546781608250279,0.6012577605192314,0.19517864775619978,0.11033528635690643,2,0.09999999999999999,0.1,0.08993604925626242,-0.6137000942016597,0.02787350596600291,-0.009949396521642395
QQQ,0.6,0.4,0.15,NONE,0.133797073117506,-0.6285882507001457,0.21285328347845778,31.513883069333872,3936,-0.5959130786393831,-0.6285882507001457,-0.20165297022696582,-0.3860208378609351,0.27911143672894045,-0.087767448505507,-0.18050138201684662,-0.30783983599483744,22.53005206335873,-0.4861215906122346,31.513883069333872,0.21024771611498183,-0.4861215906122346,0.8285389336976821,0.2850228989138941,0.028016979102319386,0,0.15,0.15,0.08993604925626242,-0.6137000942016597,0.043861023861243575,-0.01488815649848596
QQQ,0.6,0.4,0.15,MILD,0.13371426022370358,-0.6285882507001457,0.21272153921866582,31.45069661246822,3936,-0.5959130786393831,-0.6285882507001457,-0.20165297022696582,-0.3860208378609351,0.27936885199907,-0.087994271593125,-0.18057958048531975,-0.308010278827467,22.482873471736845,-0.4099566616259347,31.45069661246822,0.21010096183467808,-0.4099566616259347,0.7512402814554393,0.26801780055501867,0.07272314161509816,2,0.15,0.15,0.08993604925626242,-0.6137000942016597,0.04377821096744117,-0.01488815649848596
QQQ,0.6,0.4,0.15,BAL,0.127850765227161,-0.6285882507001457,0.20339350136556944,27.274163366750592,3936,-0.5959130786393831,-0.6285882507001457,-0.20165297022696582,-0.3860208378609351,0.30014069453762526,-0.10622416746106933,-0.18671687831213934,-0.32137396199378976,19.364436924267558,-0.4083525175987598,27.274163366750592,0.19972815321563608,-0.4083525175987598,0.6620516472552613,0.250615807908276,0.11732595534975543,3,0.15,0.15,0.08993604925626242,-0.6137000942016597,0.03791471597089857,-0.01488815649848596
QQQ,0.6,0.4,0.2,NONE,0.14706025413956114,-0.6335030518210032,0.2321381936785257,43.37991606248198,3865,-0.6046311689014532,-0.6335030518210032,-0.21281898427063073,-0.40944424286048076,0.32020631415074896,-0.07113940502024996,-0.2024498202191899,-0.3304909967152666,29.267148774677775,-0.5010880127628532,43.37991606248198,0.2287999377657104,-0.5010880127628532,0.8695815753186291,0.33761506652217826,0.02013877763250812,0,0.19999999999999998,0.2,0.08993604925626242,-0.6137000942016597,0.057124204883298724,-0.019802957619343475
QQQ,0.6,0.4,0.2,MILD,0.14417856198758816,-0.6335030518210032,0.22758937241603996,40.48288391591089,3865,-0.6046311689014532,-0.6335030518210032,-0.21281898427063073,-0.40944424286048076,0.32724864992278446,-0.07735837330061113,-0.2042009036176501,-0.3345706133656715,27.24582390952601,-0.44463986372670317,40.48288391591089,0.2236790357797609,-0.44463986372670317,0.757480157787872,0.3177533313610868,0.0689321475435966,2,0.19999999999999998,0.19999999999999998,0.08993604925626242,-0.6137000942016597,0.05424251273132574,-0.019802957619343475
QQQ,0.6,0.4,0.2,BAL,0.13708321146658942,-0.6335030518210032,0.21638918876956317,34.1223548265394,3871,-0.6046311689014532,-0.6335030518210032,-0.21281898427063073,-0.40944424286048076,0.3453386714529918,-0.09325693160545034,-0.1561696846609869,-0.29064509313092557,22.80793887636032,-0.4436580885868583,34.1223548265394,0.21110654456403766,-0.4436580885868583,0.7422743359954233,0.2795920322487542,0.0689321475435966,4,0.19999999999999998,0.2,0.08993604925626242,-0.6137000942016597,0.047147162210327,-0.019802957619343475
QQQ,0.6,0.4,0.25,NONE,0.15947221004872736,-0.6427779963971813,0.24809842736151677,58.307209936865455,3660,-0.6132340802771985,-0.6427779963971813,-0.22171635583169524,-0.4297010155403179,0.36681384129592165,-0.05940189320472877,-0.22229687121383168,-0.3532872475957085,37.129673934954866,-0.5107675427251084,58.307209936865455,0.24606545945606073,-0.5107675427251084,0.8960923325104976,0.38211883652223094,0.014997937848728727,0,0.25,0.25,0.08993604925626242,-0.6137000942016597,0.06953616079246494,-0.029077902195521532
QQQ,0.6,0.4,0.25,MILD,0.15499282743577525,-0.6427779963971813,0.24112964087837735,52.424077395080474,3660,-0.6132340802771985,-0.6427779963971813,-0.22171635583169524,-0.4297010155403179,0.37644575948844405,-0.06791505965580624,-0.22425352002246657,-0.35780886051201566,33.28243230262024,-0.4670112336962272,52.424077395080474,0.23808351745617884,-0.4670112336962272,0.8074178485936098,0.3613788076428142,0.020740333990635813,3,0.25,0.25,0.08993604925626242,-0.6137000942016597,0.06505677817951283,-0.029077902195521532
QQQ,0.6,0.4,0.25,BAL,0.14474883004613037,-0.6427779963971813,0.2251925717082078,41.04097402335363,3647,-0.6132340802771985,-0.6427779963971813,-0.1757011681154812,-0.38413900735291884,0.3912473074518068,-0.0809366097634937,-0.17113855509535802,-0.30954303576261666,24.66112880909577,-0.464310846840146,41.04097402335363,0.21660411336585916,-0.464310846840146,0.7921328886865846,0.3077279069337764,0.020740333990635813,5,0.25,0.25,0.08993604925626242,-0.6137000942016597,0.054812780789867954,-0.029077902195521532
QQQ,0.8,0.19999999999999996,0.1,NONE,0.1237170655323927,-0.7437784554590469,0.16633590906587462,24.65663997268399,4787,-0.7017104353989279,-0.7437784554590469,-0.24564506866480706,-0.4542786917388709,0.2901912336321293,-0.14976257739364351,-0.17256168001668293,-0.318042230854483,21.046807941873986,-0.44245156953794007,24.65663997268399,0.20549592969110653,-0.44245156953794007,0.6866412139177682,0.19914368953018188,0.020912058319611765,0,0.09999999999999999,0.1,0.09974811046483523,-0.7348393643334037,0.023968955067557474,-0.008939091125643173
QQQ,0.8,0.19999999999999996,0.1,MILD,0.12418161649779869,-0.7437784554590469,0.1669604915097413,24.938263130832645,4787,-0.7017104353989279,-0.7437784554590469,-0.24564506866480706,-0.4542786917388709,0.2871452451561556,-0.14713892076133162,-0.17158097046835918,-0.31604538378041824,21.29862212606802,-0.39938537752269365,24.938263130832645,0.20632342539349136,-0.39938537752269365,0.6023244997558685,0.19517509749063497,0.02178876396627218,1,0.09999999999999999,0.1,0.09974811046483523,-0.7348393643334037,0.02443350603296346,-0.008939091125643173
QQQ,0.8,0.19999999999999996,0.1,BAL,0.12438887050519454,-0.7437784554590469,0.16723914169902102,25.064903555450606,4787,-0.7017104353989279,-0.7437784554590469,-0.24564506866480706,-0.4542786917388709,0.2858109923148475,-0.14598871001369373,-0.1711488503659705,-0.31516531199415443,21.411858038273525,-0.3245001871659746,25.064903555450606,0.20669267581149997,-0.3245001871659746,0.6001319071876443,0.17983927853290776,0.02178876396627218,2,0.09999999999999999,0.1,0.09974811046483523,-0.7348393643334037,0.02464076004035931,-0.008939091125643173
QQQ,0.8,0.19999999999999996,0.15,NONE,0.13575755520289,-0.7467578201417737,0.18179596053927646,33.045967360354815,4368,-0.7075497722287032,-0.7467578201417737,-0.2548435164956291,-0.4725011219559675,0.31696568807415937,-0.1208847605027017,-0.1914498101982699,-0.331661816814239,26.61195587600946,-0.47158719750608447,33.045967360354815,0.22200209166461926,-0.47158719750608447,0.7726185224284001,0.26255811661922074,0.0,0,0.14544410324249352,0.12266461945496103,0.09974811046483523,-0.7348393643334037,0.036009444738054786,-0.011918455808370032
QQQ,0.8,0.19999999999999996,0.15,MILD,0.13461753776726892,-0.7467578201417737,0.18026933784464616,32.14654552490146,4368,-0.7075497722287032,-0.7467578201417737,-0.2548435164956291,-0.4725011219559675,0.32242941911600864,-0.12562549172394166,-0.19294341586385055,-0.334905203007819,25.860433133048343,-0.442955461144091,32.14654552490146,0.2199663708649635,-0.442955461144091,0.7116060332122096,0.2502633462950716,0.0,1,0.14544410324249352,0.12266461945496103,0.09974811046483523,-0.7348393643334037,0.0348694273024337,-0.011918455808370032
QQQ,0.8,0.19999999999999996,0.15,BAL,0.13300773438029734,-0.7467578201417737,0.17811361433757134,30.916556551688107,4368,-0.7075497722287032,-0.7467578201417737,-0.2548435164956291,-0.4725011219559675,0.3325344423947676,-0.13436749469395437,-0.19565204970165329,-0.34078309666343964,24.83270103835742,-0.3772531765305962,30.916556551688107,0.21709405587131747,-0.3772531765305962,0.6044393183447627,0.23273279869433916,0.0,3,0.14544410324249352,0.12266461945496103,0.09974811046483523,-0.7348393643334037,0.03325962391546211,-0.011918455808370032
QQQ,0.8,0.19999999999999996,0.2,NONE,0.14751515453076647,-0.7485253139185766,0.1970743698145831,43.85511994014297,4329,-0.7121285566715789,-0.7485253139185766,-0.261602786808123,-0.48757124062659374,0.3533512101555769,-0.10026387388561275,-0.21043266428492435,-0.3490729378931574,33.21836280697583,-0.4891311668021273,43.85511994014297,0.23794359216611594,-0.4891311668021273,0.8244368394575375,0.31529469553260464,0.0,0,0.18711076990916017,0.12266461945496103,0.09974811046483523,-0.7348393643334037,0.04776704406593124,-0.013685949585172885
QQQ,0.8,0.19999999999999996,0.2,MILD,0.1473477437509807,-0.7485253139185766,0.19685071568202028,43.67965673117597,4329,-0.7121285566715789,-0.7485253139185766,-0.261602786808123,-0.48757124062659374,0.35394250119310433,-0.10078011062062797,-0.2105693021848536,-0.34939063307896023,33.08145601588955,-0.41518843830073004,43.67965673117597,0.2376437661756392,-0.41518843830073004,0.7528159297643724,0.2979765868929214,0.0,2,0.18711076990916017,0.12266461945496103,0.09974811046483523,-0.7348393643334037,0.04759963328614547,-0.013685949585172885
QQQ,0.8,0.19999999999999996,0.2,BAL,0.14057207057588994,-0.7485253139185766,0.18779868624614232,37.119112510636725,4334,-0.7121285566715789,-0.7485253139185766,-0.261602786808123,-0.48757124062659374,0.37943625692790617,-0.12292804867154894,-0.1657314730989472,-0.31075093172630175,27.962530730631546,-0.416891608120199,37.119112510636725,0.22553306305025167,-0.416891608120199,0.662617355177284,0.2604523510224709,0.0,4,0.18711076990916017,0.12266461945496103,0.09974811046483523,-0.7348393643334037,0.04082396011105471,-0.013685949585172885
SPY_QQQ_50_50,0.4,0.6,0.1,NONE,0.1131214857438505,-0.47665082898552025,0.23732568762045922,19.005513981416374,2422,-0.2806044173987535,-0.32242033598068087,-0.1625221880823573,-0.291819162069077,0.16735150393106468,-0.07418568660008029,-0.1274258177818357,-0.2300838073188648,12.23268035767744,-0.47665082898552025,19.005513981416374,0.16888188842408103,-0.47665082898552025,0.8280920634473502,0.24232418593306188,0.05785434572515063,0,0.09999999999999999,0.1,0.07026262620298396,-0.3084567519723044,0.042858859540866545,-0.16819407701321587
SPY_QQQ_50_50,0.4,0.6,0.1,MILD,0.11334385269760117,-0.40041199749817835,0.2830680733988667,19.11011493780785,2422,-0.2806044173987535,-0.32242033598068087,-0.1625221880823573,-0.291819162069077,0.16704034753436225,-0.07368886101838679,-0.12727365264117663,-0.22978258036308064,12.305509275768747,-0.40041199749817835,19.11011493780785,0.1692695844022507,-0.40041199749817835,0.7518679211977473,0.22691723104645523,0.11234829998339176,2,0.09999999999999999,0.1,0.07026262620298396,-0.3084567519723044,0.04308122649461721,-0.09195524552587397
SPY_QQQ_50_50,0.4,0.6,0.1,BAL,0.10786167924169354,-0.38616591239927367,0.27931434592852067,16.68619947337705,2422,-0.2806044173987535,-0.32242033598068087,-0.1625221880823573,-0.291819162069077,0.175522880627071,-0.08720338958162621,-0.13135421827989413,-0.23863827689660566,10.617846496103493,-0.38616591239927367,16.68619947337705,0.1597263507882043,-0.38616591239927367,0.6473158603280748,0.21303260449761402,0.1877217789874199,2,0.09999999999999999,0.1,0.07026262620298396,-0.3084567519723044,0.037599053038709584,-0.07770916042696929
SPY_QQQ_50_50,0.4,0.6,0.15,NONE,0.13079785833949908,-0.49941903407596255,0.2619000266609872,29.301705942245118,2113,-0.2938905948545564,-0.3392822462701489,-0.17918328488030044,-0.32628876619102776,0.2143904810798516,-0.054678302257582634,-0.15952038858799567,-0.26795886383148326,17.872695488340327,-0.49941903407596255,29.301705942245118,0.1942263405690159,-0.49941903407596255,0.8828018456568053,0.30679754877837945,0.038408571155200945,0,0.15,0.15,0.07026262620298396,-0.3084567519723044,0.06053523213651513,-0.19096228210365818
SPY_QQQ_50_50,0.4,0.6,0.15,MILD,0.1278145882625379,-0.44230885048739077,0.2889713559240244,27.250134855787973,2062,-0.2938905948545564,-0.3392822462701489,-0.17918328488030044,-0.32628876619102776,0.21733057387236832,-0.059452814977345,-0.16061523218621032,-0.27032524432656335,16.551315891408144,-0.44230885048739077,27.250134855787973,0.1890002120235903,-0.44230885048739077,0.7732057637889481,0.28769779773057585,0.12012266085079633,2,0.15,0.15,0.07026262620298396,-0.3084567519723044,0.05755196205955393,-0.1338520985150864
SPY_QQQ_50_50,0.4,0.6,0.15,BAL,0.12280108558637837,-0.4331885677963607,0.283481824580621,24.11030029599212,2062,-0.2938905948545564,-0.3392822462701489,-0.17918328488030044,-0.32628876619102776,0.2253183567041075,-0.0723860116348739,-0.10276915360899297,-0.21930835746238586,14.52900559836266,-0.4331885677963607,24.11030029599212,0.1802380408360642,-0.4331885677963607,0.7473125984987133,0.25536675172180917,0.13239593073094869,4,0.15,0.15,0.07026262620298396,-0.3084567519723044,0.05253845938339441,-0.12473181582405635
SPY_QQQ_50_50,0.4,0.6,0.2,NONE,0.14658912034736082,-0.5119426278728136,0.2863389613724045,42.89298623897932,2010,-0.3070285646907239,-0.3559271535798064,-0.1925261777226861,-0.3553876642864785,0.26638891040311297,-0.04320937157984739,-0.18784499767635,-0.3029900611762508,24.6481938054964,-0.5119426278728136,42.89298623897932,0.2165670514432756,-0.5119426278728136,0.9128623220012642,0.35868838880233445,0.027661058060569416,0,0.19999999999999998,0.2,0.07026262620298396,-0.3084567519723044,0.07632649414437687,-0.20348587590050926
SPY_QQQ_50_50,0.4,0.6,0.2,MILD,0.1412147887294004,-0.4656565802208721,0.30325951511824195,37.6981651953814,1400,-0.3070285646907239,-0.3559271535798064,-0.1925261777226861,-0.3553876642864785,0.27040285988060875,-0.04940516209856727,-0.1889640950699234,-0.3056861002657416,21.541910270730764,-0.4656565802208721,37.6981651953814,0.20711460591348074,-0.4656565802208721,0.8231559954816458,0.338979853248984,0.10122661891318056,2,0.19999999999999998,0.2,0.07026262620298396,-0.3084567519723044,0.07095216252641645,-0.1571998282485677
SPY_QQQ_50_50,0.4,0.6,0.2,BAL,0.139521209663366,-0.3574347804584195,0.39034032861722745,36.19076352043069,1400,-0.3070285646907239,-0.3559271535798064,-0.1356838146038517,-0.30098550112862243,0.2702198682621808,-0.04910380840898099,-0.1352165115728804,-0.2493210827912199,19.26339475399076,-0.3574347804584195,36.19076352043069,0.19936764720870204,-0.3574347804584195,0.800686116176845,0.2936765670466735,0.10621653123516951,6,0.19999999999999998,0.2,0.07026262620298396,-0.3084567519723044,0.06925858346038205,-0.0489780284861151
SPY_QQQ_50_50,0.4,0.6,0.25,NONE,0.16086608103706346,-0.5198541154793933,0.30944466196774795,60.26421188363001,1381,-0.3200190732202398,-0.37235623478043356,-0.20318366178145986,-0.38028240072194364,0.32091953816164387,-0.050294328648558095,-0.2118808616722041,-0.3336815424272912,32.565944464750885,-0.5198541154793933,60.26421188363001,0.23650454933342235,-0.5198541154793933,0.931828433841986,0.40232184181386926,0.020833774307229533,0,0.25,0.25,0.07026262620298396,-0.3084567519723044,0.0906034548340795,-0.21139736350708893
SPY_QQQ_50_50,0.4,0.6,0.25,MILD,0.15368367809492312,-0.48781004001095585,0.31504820624739804,50.81559258394415,1381,-0.3200190732202398,-0.37235623478043356,-0.20318366178145986,-0.38028240072194364,0.3252150728545209,-0.051364846646138385,-0.21276327065711154,-0.33611297627682657,27.303255038159726,-0.48781004001095585,50.81559258394415,0.22382922236107428,-0.48781004001095585,0.8686736937372381,0.3732076765274375,0.07010169923673165,3,0.25,0.25,0.07026262620298396,-0.3084567519723044,0.08342105189193916,-0.17935328803865147
SPY_QQQ_50_50,0.4,0.6,0.25,BAL,0.1450368908930566,-0.3897403658895763,0.37213720616804,41.32569437317457,1381,-0.3200190732202398,-0.37235623478043356,-0.1532420194892975,-0.3292326413972684,0.3227219129570922,-0.05205163837828575,-0.1598187374944161,-0.28339873641402535,21.472288187745075,-0.3897403658895763,41.32569437317457,0.2068890154403349,-0.3897403658895763,0.8023635166627838,0.31479436173661196,0.10467359182912515,6,0.25,0.25,0.07026262620298396,-0.3084567519723044,0.07477426469007264,-0.0812836139172719
SPY_QQQ_50_50,0.6,0.4,0.1,NONE,0.11680517484822661,-0.46940962167876077,0.248834215264897,20.81162331981921,2664,-0.4148439267707773,-0.46940962167876077,-0.22148499708030422,-0.37820517674229215,0.19034800789902406,-0.11067644499630025,-0.1381636810440181,-0.2539060635281546,14.567356732482772,-0.46339184775960507,20.81162331981921,0.1804139489256078,-0.46339184775960507,0.777844541197837,0.22481019645448455,0.04009144597860847,0,0.09999999999999999,0.1,0.08248368997090672,-0.45745900373246606,0.0343214848773199,-0.011950617946294706
SPY_QQQ_50_50,0.6,0.4,0.1,MILD,0.116002535151156,-0.46940962167876077,0.2471243233922078,20.404522542780235,2664,-0.4148439267707773,-0.46940962167876077,-0.22148499708030422,-0.37820517674229215,0.1922174027510939,-0.1136231592417174,-0.13899464071673617,-0.25576722190903967,14.262840216647058,-0.4290253585040096,20.404522542780235,0.17900583159761196,-0.4290253585040096,0.7090878105009002,0.21869256873304938,0.09130894707849702,1,0.09999999999999999,0.1,0.08248368997090672,-0.45745900373246606,0.03351884518024928,-0.011950617946294706
SPY_QQQ_50_50,0.6,0.4,0.1,BAL,0.11411253740318927,-0.46940962167876077,0.24309799401871204,19.47599298412038,2664,-0.4148439267707773,-0.46940962167876077,-0.22148499708030422,-0.37820517674229215,0.19688319826786738,-0.12096504266690877,-0.1410426741766151,-0.26035251671242254,13.568288395571802,-0.36133669942350566,19.47599298412038,0.17569273957447118,-0.36133669942350566,0.6013079838822409,0.1993398996316571,0.11508096008339885,2,0.09999999999999999,0.1,0.08248368997090672,-0.45745900373246606,0.03162884743228256,-0.011950617946294706
SPY_QQQ_50_50,0.6,0.4,0.15,NONE,0.1322940348580932,-0.48908996582892794,0.27049018401732355,30.385873105572507,2621,-0.4264678577373854,-0.4753461425532951,-0.23361721507845723,-0.4040594369702798,0.23282491650939674,-0.0844891054673399,-0.16619274645587112,-0.28256525075503935,20.1246553090609,-0.48908996582892794,30.385873105572507,0.20238784827697454,-0.48908996582892794,0.8450095092903049,0.2892322623804373,0.02670909462903502,0,0.15,0.15,0.08248368997090672,-0.45745900373246606,0.0498103448871865,-0.03163096209646188
SPY_QQQ_50_50,0.6,0.4,0.15,MILD,0.1315583705446861,-0.4753461425532951,0.27676330734068383,29.848048657852132,2621,-0.4264678577373854,-0.4753461425532951,-0.23361721507845723,-0.4040594369702798,0.2339798167428988,-0.08634683058004167,-0.1665959872299313,-0.2835686049650775,19.75075273810613,-0.4175429687587099,29.848048657852132,0.20109115806148758,-0.4175429687587099,0.7513435430293306,0.27241349613724325,0.07669040394862968,2,0.15,0.15,0.08248368997090672,-0.45745900373246606,0.049074680573779395,-0.01788713882082904
SPY_QQQ_50_50,0.6,0.4,0.15,BAL,0.12664968841851043,-0.4753461425532951,0.2664367648766828,26.487227540556873,2621,-0.4264678577373854,-0.4753461425532951,-0.23361721507845723,-0.4040594369702798,0.24538960686072064,-0.10463797912870798,-0.11829312361396993,-0.24645040872587476,17.414266061827107,-0.41249814456148015,26.487227540556873,0.19245330916553338,-0.41249814456148015,0.6841405263076585,0.24475083053509802,0.12580863857945684,4,0.15,0.15,0.08248368997090672,-0.45745900373246606,0.044165998447603716,-0.01788713882082904
SPY_QQQ_50_50,0.6,0.4,0.2,NONE,0.14657465307134165,-0.5036353043386941,0.2910333167842626,42.87811757195563,2585,-0.4379524997036083,-0.4894854419467105,-0.2432411377981294,-0.42615846766208987,0.2815168325198758,-0.06765110580056499,-0.19198408509554366,-0.3129597517529126,26.793897560016283,-0.5036353043386941,42.87811757195563,0.22248710227540358,-0.5036353043386941,0.8829830995394125,0.3415573778601726,0.01906764130089397,0,0.19999999999999998,0.2,0.08248368997090672,-0.45745900373246606,0.06409096310043494,-0.046176300606228016
SPY_QQQ_50_50,0.6,0.4,0.2,MILD,0.14275412042334645,-0.4894854419467105,0.2916411974493163,39.12062250021614,2585,-0.4379524997036083,-0.4894854419467105,-0.2432411377981294,-0.42615846766208987,0.28616850039186525,-0.07525481157551084,-0.19321491932589552,-0.315923438020548,24.358262811570633,-0.4535960099730342,39.12062250021614,0.2157316868451411,-0.4535960099730342,0.7838578982483223,0.32190373998356897,0.08240644701152483,2,0.19999999999999998,0.2,0.08248368997090672,-0.45745900373246606,0.06027043045243974,-0.032026438214244446
SPY_QQQ_50_50,0.6,0.4,0.2,BAL,0.13501366873400955,-0.4894854419467105,0.2758277512749976,32.456367072376274,2585,-0.4379524997036083,-0.4894854419467105,-0.2432411377981294,-0.42615846766208987,0.29536461869472275,-0.09023006197499006,-0.1443563974025358,-0.26852184417042335,20.03844554430537,-0.4482664568017134,32.456367072376274,0.2020907976688313,-0.4482664568017134,0.7634071765646646,0.2833371464580267,0.08766502371661186,4,0.19999999999999998,0.2,0.08248368997090672,-0.45745900373246606,0.052529978763102836,-0.032026438214244446
SPY_QQQ_50_50,0.6,0.4,0.25,NONE,0.15975977853846413,-0.5129744117491414,0.31143810466825206,58.70587594222253,2430,-0.4492985917309591,-0.5034541885822937,-0.25080714614686617,-0.44526895147527334,0.3335978306183476,-0.055962723615440746,-0.21445133602573985,-0.3407642696171136,34.586626604775546,-0.5129744117491414,58.70587594222253,0.2408796821639443,-0.5129744117491414,0.9073334263125545,0.3857481954414531,0.014111743496377002,0,0.25,0.25,0.08248368997090672,-0.45745900373246606,0.07727608856755741,-0.055515408016675316
SPY_QQQ_50_50,0.6,0.4,0.25,MILD,0.1543435161694262,-0.5034541885822937,0.30656913711265604,51.620264567526675,2430,-0.4492985917309591,-0.5034541885822937,-0.25080714614686617,-0.44526895147527334,0.3388824322867281,-0.06473363723316983,-0.2154930752649319,-0.3436346200725706,30.291434646375723,-0.47218552861059315,51.620264567526675,0.23127340157056264,-0.47218552861059315,0.825733140801139,0.3637161408736355,0.06606322403334178,3,0.25,0.25,0.08248368997090672,-0.45745900373246606,0.0718598261985195,-0.045995184849827675
SPY_QQQ_50_50,0.6,0.4,0.25,BAL,0.14873867636213922,-0.5034541885822937,0.29543636687377894,45.158273344745595,2430,-0.4492985917309591,-0.5034541885822937,-0.20977431717964468,-0.40469497710474656,0.34043112871775727,-0.06741669100571057,-0.16139320770145893,-0.2896840923921655,25.465938312477196,-0.363999767249633,45.158273344745595,0.2188762467597931,-0.363999767249633,0.8016549909314565,0.30441361678553114,0.06606322403334178,6,0.25,0.25,0.08248368997090672,-0.45745900373246606,0.0662549863912325,-0.045995184849827675
SPY_QQQ_50_50,0.8,0.19999999999999996,0.1,NONE,0.12019281384603375,-0.5934573126594764,0.20252983876365163,22.617732658222067,3910,-0.5297579191765214,-0.5934573126594764,-0.28368930504595613,-0.469032818599478,0.2132378840730853,-0.14655683842154454,-0.14794139287150887,-0.27577878211753115,17.277016207704857,-0.44831357051598797,22.617732658222067,0.19191440783618918,-0.44831357051598797,0.7207024381679202,0.20627403417332332,0.01989125695462475,0,0.09999999999999999,0.09999999999999999,0.0918784001274886,-0.582391445694518,0.02831441371854515,-0.011065866964958482
SPY_QQQ_50_50,0.8,0.19999999999999996,0.1,MILD,0.12029889738399513,-0.5934573126594764,0.20270859389177698,22.676661541397692,3910,-0.5297579191765214,-0.5934573126594764,-0.28368930504595613,-0.469032818599478,0.21288950826498643,-0.1460140102144667,-0.14779881026213415,-0.27546025030314303,17.32463566493243,-0.40700834275418085,22.676661541397692,0.19210181155572648,-0.40700834275418085,0.6391822610632807,0.2007687380801043,0.03573771452265874,1,0.09999999999999999,0.1,0.0918784001274886,-0.582391445694518,0.028420497256506527,-0.011065866964958482
SPY_QQQ_50_50,0.8,0.19999999999999996,0.1,BAL,0.11987487345431491,-0.5934573126594764,0.20199409611639357,22.44200086952708,3910,-0.5297579191765214,-0.5934573126594764,-0.28368930504595613,-0.469032818599478,0.214292645212959,-0.14819972375090695,-0.14837196140922437,-0.2767406028072531,17.135010251638363,-0.334320654120991,22.44200086952708,0.19135281488776434,-0.334320654120991,0.6047540134143005,0.1829935444967765,0.0475952685968773,2,0.09999999999999999,0.1,0.0918784001274886,-0.582391445694518,0.02799647332682631,-0.011065866964958482
SPY_QQQ_50_50,0.8,0.19999999999999996,0.15,NONE,0.1337433184839496,-0.5988768592520536,0.22332357047654783,31.472854226271565,2752,-0.5398812414464383,-0.5988768592520536,-0.2917799670031366,-0.4870689376595624,0.2524204274454387,-0.11585322754937932,-0.17281430767489048,-0.2990305261958326,22.76380702139971,-0.4768366695363069,31.472854226271565,0.2109707831909271,-0.4768366695363069,0.8001767437383803,0.26987332876609843,0.0,0,0.14978388721024757,0.14870332326148528,0.0918784001274886,-0.582391445694518,0.041864918356461,-0.016485413557535633
SPY_QQQ_50_50,0.8,0.19999999999999996,0.15,MILD,0.1321879551865679,-0.5988768592520536,0.2207264367363592,30.30774892818839,2752,-0.5398812414464383,-0.5988768592520536,-0.2917799670031366,-0.4870689376595624,0.2560701647309067,-0.12165840804007533,-0.1739978503851295,-0.3019711505476652,21.88408580945614,-0.4487485617029636,30.30774892818839,0.20821390000390538,-0.4487485617029636,0.7412394413642694,0.2566509968707821,0.0,1,0.14978388721024757,0.14870332326148528,0.0918784001274886,-0.582391445694518,0.040309555059079294,-0.016485413557535633
SPY_QQQ_50_50,0.8,0.19999999999999996,0.15,BAL,0.12928143015244253,-0.5988768592520536,0.21587314346041703,28.24094325615573,2752,-0.5398812414464383,-0.5988768592520536,-0.2917799670031366,-0.4870689376595624,0.2636999435984728,-0.1337574193354284,-0.17642425189048194,-0.3079975109094131,20.32352918539501,-0.38849089215353927,28.24094325615573,0.20306878117551164,-0.38849089215353927,0.6133441718584975,0.23612595297201716,0.0,3,0.14978388721024757,0.14870332326148528,0.0918784001274886,-0.582391445694518,0.03740303002495393,-0.016485413557535633
SPY_QQQ_50_50,0.8,0.19999999999999996,0.2,NONE,0.14673178338484183,-0.6014561791826976,0.2439608876979727,43.03987373457586,2739,-0.5469977969575226,-0.6014561791826976,-0.29716326913308255,-0.5014577017906211,0.29802318672340666,-0.0945453394875283,-0.19626718803810317,-0.32381259255923467,29.28793686816844,-0.49370823529709507,43.03987373457586,0.2288509141750774,-0.49370823529709507,0.8472780853949831,0.3224624262330356,0.0,0,0.1914505538769142,0.14870332326148528,0.0918784001274886,-0.582391445694518,0.05485338325735323,-0.019064733488179608
SPY_QQQ_50_50,0.8,0.19999999999999996,0.2,MILD,0.14549098790556614,-0.6014561791826976,0.24189790202715997,41.77839438952924,2739,-0.5469977969575226,-0.6014561791826976,-0.29716326913308255,-0.5014577017906211,0.300162247860398,-0.09801282752615748,-0.1968054071402564,-0.3253289193491945,28.400211058402025,-0.4270966965199947,41.77839438952924,0.22664419673853553,-0.4270966965199947,0.7502096710901656,0.30496462288495385,0.0,2,0.1914505538769142,0.14870332326148528,0.0918784001274886,-0.582391445694518,0.053612587778077536,-0.019064733488179608
SPY_QQQ_50_50,0.8,0.19999999999999996,0.2,BAL,0.13784324471063125,-0.6014561791826976,0.22918252315229795,34.75463056964145,2739,-0.5469977969575226,-0.6014561791826976,-0.29716326913308255,-0.5014577017906211,0.31337036547610375,-0.11933423585548619,-0.1495584748484241,-0.28207422960238526,23.45746154046403,-0.42551881701618033,34.75463056964145,0.21307776483629026,-0.42551881701618033,0.6978005546526372,0.26593181477269606,0.0,4,0.1914505538769142,0.14870332326148528,0.0918784001274886,-0.582391445694518,0.04596484458314265,-0.019064733488179608
