core,core_pct,initial_cash_pct,budget_pct,ratchet,CAGR,MDD,Calmar,Final,MaxUnderwaterDays,DotCom_Return,DotCom_MDD,GFC_Return,GFC_MDD,COVID_Return,COVID_MDD,2022_Bear_Return,2022_Bear_MDD,Actual_TQQQ_Era_Return,Actual_TQQQ_Era_MDD,FinalMultiple,ActualEra_CAGR,ActualEra_MDD,Max_TQQQ_Weight,Avg_TQQQ_Weight,Min_Reserve_Cash_Pct,RatchetTrades,Avg_Actual_Funding_Pct,Min_Actual_Funding_Pct,Baseline_CAGR,Baseline_MDD,CAGR_Increment,MDD_Change,MDD_floor
SPY,0.4,0.6,0.25,NONE,0.15955972389821294,-0.5219099148108971,0.30572272986234794,58.428256390873706,1988,-0.16779615217911625,-0.2570484943063376,-0.2225556750803125,-0.3892913910417686,0.3050939121979235,-0.04940883877749458,-0.20843378759139153,-0.3271951799777868,31.1608035485731,-0.5219099148108971,58.428256390873706,0.23331379268204788,-0.5219099148108971,0.9401874806785153,0.4060789107977743,0.0208590898908247,0,0.25,0.25,0.05929784653910963,-0.21588127900813414,0.1002618773591033,-0.30602863580276296,-0.6
SPY,0.4,0.6,0.25,NONE,0.15955972389821294,-0.5219099148108971,0.30572272986234794,58.428256390873706,1988,-0.16779615217911625,-0.2570484943063376,-0.2225556750803125,-0.3892913910417686,0.3050939121979235,-0.04940883877749458,-0.20843378759139153,-0.3271951799777868,31.1608035485731,-0.5219099148108971,58.428256390873706,0.23331379268204788,-0.5219099148108971,0.9401874806785153,0.4060789107977743,0.0208590898908247,0,0.25,0.25,0.05929784653910963,-0.21588127900813414,0.1002618773591033,-0.30602863580276296,-0.55
SPY,0.4,0.6,0.25,MILD,0.15120748964156872,-0.49019949439572996,0.3084611293366643,47.902310224339075,1160,-0.16779615217911625,-0.2570484943063376,-0.2225556750803125,-0.3892913910417686,0.3062333738653431,-0.050363332519880566,-0.20865935363923704,-0.3284557156376099,25.366982070141088,-0.49019949439572996,47.902310224339075,0.21860040211976384,-0.49019949439572996,0.878848135892434,0.3771250909932349,0.07034132189160658,3,0.25,0.25,0.05929784653910963,-0.21588127900813414,0.09190964310245908,-0.2743182153875958,-0.5
SPY,0.4,0.6,0.25,BAL,0.14193013089649487,-0.39834584276356244,0.3562987626828009,38.35288304698009,1086,-0.16779615217911625,-0.2570484943063376,-0.17425583572480108,-0.3394242260163268,0.301763853409422,-0.05110951113117457,-0.15262848582269573,-0.27192971843448077,19.66694983051508,-0.39834584276356244,38.35288304698009,0.20079752054033784,-0.39834584276356244,0.800994333556278,0.31908864977083945,0.11416781940625428,6,0.25,0.25,0.05929784653910963,-0.21588127900813414,0.08263228435738523,-0.1824645637554283,-0.45
SPY,0.4,0.6,0.25,BAL,0.14193013089649487,-0.39834584276356244,0.3562987626828009,38.35288304698009,1086,-0.16779615217911625,-0.2570484943063376,-0.17425583572480108,-0.3394242260163268,0.301763853409422,-0.05110951113117457,-0.15262848582269573,-0.27192971843448077,19.66694983051508,-0.39834584276356244,38.35288304698009,0.20079752054033784,-0.39834584276356244,0.800994333556278,0.31908864977083945,0.11416781940625428,6,0.25,0.25,0.05929784653910963,-0.21588127900813414,0.08263228435738523,-0.1824645637554283,-0.4
SPY,0.6,0.4,0.25,NONE,0.15773362515832656,-0.5164549132726324,0.3054160607337668,55.951942703087774,1162,-0.2577808671217995,-0.3533293183121311,-0.2778684087719979,-0.45616200480253755,0.3082907244494171,-0.05208836603804168,-0.2090621344718484,-0.33070742350093874,32.271151826246815,-0.5164549132726324,55.951942703087774,0.23584568369167314,-0.5164549132726324,0.9214781476239794,0.3920286548237288,0.014237509035244324,0,0.25,0.25,0.07012439046792451,-0.32821330415372374,0.08760923469040205,-0.18824160911890864,-0.6
SPY,0.6,0.4,0.25,NONE,0.15773362515832656,-0.5164549132726324,0.3054160607337668,55.951942703087774,1162,-0.2577808671217995,-0.3533293183121311,-0.2778684087719979,-0.45616200480253755,0.3082907244494171,-0.05208836603804168,-0.2090621344718484,-0.33070742350093874,32.271151826246815,-0.5164549132726324,55.951942703087774,0.23584568369167314,-0.5164549132726324,0.9214781476239794,0.3920286548237288,0.014237509035244324,0,0.25,0.25,0.07012439046792451,-0.32821330415372374,0.08760923469040205,-0.18824160911890864,-0.55
SPY,0.6,0.4,0.25,MILD,0.15084663824762257,-0.4799346657622682,0.3143066108967908,47.49143550323972,1134,-0.2577808671217995,-0.3533293183121311,-0.2778684087719979,-0.45616200480253755,0.3098372315039908,-0.058533059497472784,-0.20936116196052135,-0.33237980423398694,27.24021266713761,-0.4799346657622682,47.49143550323972,0.22366434659010737,-0.4799346657622682,0.8492289188004193,0.3629833875286604,0.06832575260130676,3,0.25,0.25,0.07012439046792451,-0.32821330415372374,0.08072224777969805,-0.15172136160854444,-0.5
SPY,0.6,0.4,0.25,BAL,0.1448333481841626,-0.412008538614946,0.35152996748817533,41.124315515534484,1134,-0.2577808671217995,-0.3533293183121311,-0.23405932493152182,-0.412008538614946,0.30507061616124775,-0.0611887785516696,-0.15552209811622741,-0.2779672123211724,22.695239671169755,-0.37275335293522127,41.124315515534484,0.21075938103592584,-0.37275335293522127,0.800523366198624,0.3070869729180747,0.08131242959796595,6,0.25,0.25,0.07012439046792451,-0.32821330415372374,0.07470895771623809,-0.08379523446122228,-0.45
SPY,0.6,0.4,0.1,BAL,0.1070336059346444,-0.3906458798457434,0.27399138569414677,16.34686456818676,1238,-0.21407365384098065,-0.2957915444809259,-0.251918634213271,-0.3906458798457434,0.14652410628697643,-0.11607680444198731,-0.1237484199302179,-0.22870030259557628,11.097970923471546,-0.3724466310570257,16.34686456818676,0.16256738840171026,-0.3724466310570257,0.6114936222572409,0.2047077725288513,0.13155956859947626,2,0.09999999999999999,0.1,0.07012439046792451,-0.32821330415372374,0.03690921546671988,-0.062432575692019654,-0.4
SPY,0.8,0.19999999999999996,0.2,NONE,0.14271208703625993,-0.5134007991193139,0.27797402590932424,39.08110265583524,1224,-0.33173332704131375,-0.4272328954051885,-0.33188947323535534,-0.5134007991193139,0.25625377029852947,-0.08567985783809007,-0.18603421938473907,-0.3049267290761436,25.96711780332677,-0.4997526944678087,39.08110265583524,0.2202585928136691,-0.4997526944678087,0.8723258941507892,0.33190539398579955,0.0,0,0.1973930826138527,0.18435849568311613,0.07865399990891064,-0.440978939050936,0.06405808712734928,-0.07242186006837792,-0.6
SPY,0.8,0.19999999999999996,0.2,NONE,0.14271208703625993,-0.5134007991193139,0.27797402590932424,39.08110265583524,1224,-0.33173332704131375,-0.4272328954051885,-0.33188947323535534,-0.5134007991193139,0.25625377029852947,-0.08567985783809007,-0.18603421938473907,-0.3049267290761436,25.96711780332677,-0.4997526944678087,39.08110265583524,0.2202585928136691,-0.4997526944678087,0.8723258941507892,0.33190539398579955,0.0,0,0.1973930826138527,0.18435849568311613,0.07865399990891064,-0.440978939050936,0.06405808712734928,-0.07242186006837792,-0.55
SPY,0.8,0.19999999999999996,0.15,MILD,0.12883728728067956,-0.4985851653323037,0.2584057774659428,27.937330900074212,1548,-0.31910218092484177,-0.41104213115548294,-0.32705539340578005,-0.4985851653323037,0.20206997296163554,-0.1054430237931322,-0.15826341236817787,-0.2710906280722625,19.686094764174218,-0.4029047080020607,27.937330900074212,0.20086470105631915,-0.4029047080020607,0.7547482178945767,0.2631497574043391,0.03402956004308617,2,0.15,0.15,0.07865399990891064,-0.440978939050936,0.050183287371768914,-0.05760622628136769,-0.5
QQQ,0.4,0.6,0.25,NONE,0.16067936322976561,-0.5188266706260787,0.3096975778748432,59.99843454672536,2655,-0.46879479157110093,-0.5013855142671539,-0.1819216216122428,-0.366540457629448,0.34096110088982434,-0.050724738196851304,-0.2168205366700766,-0.34154703250577945,33.98291867791198,-0.5188266706260787,59.99843454672536,0.23959752767208475,-0.5188266706260787,0.9261836876860909,0.4008277972900316,0.021616162705303154,0,0.25,0.25,0.07702498363098886,-0.4534727395353849,0.08365437959877675,-0.06535393109069376,-0.6
QQQ,0.4,0.6,0.25,NONE,0.16067936322976561,-0.5188266706260787,0.3096975778748432,59.99843454672536,2655,-0.46879479157110093,-0.5013855142671539,-0.1819216216122428,-0.366540457629448,0.34096110088982434,-0.050724738196851304,-0.2168205366700766,-0.34154703250577945,33.98291867791198,-0.5188266706260787,59.99843454672536,0.23959752767208475,-0.5188266706260787,0.9261836876860909,0.4008277972900316,0.021616162705303154,0,0.25,0.25,0.07702498363098886,-0.4534727395353849,0.08365437959877675,-0.06535393109069376,-0.55
QQQ,0.4,0.6,0.2,MILD,0.1418416262577209,-0.48795400886006435,0.29068646569598794,38.271289030291825,2737,-0.45820383164551415,-0.48795400886006435,-0.17012968398975492,-0.3405407965806555,0.29769098482925394,-0.0511435873642877,-0.19663812137948422,-0.31782848219057735,22.92897023914477,-0.4657599282544882,38.271289030291825,0.2114776595035397,-0.4657599282544882,0.8175569657170536,0.3372364650536806,0.09970104145470332,2,0.19999999999999998,0.2,0.07702498363098886,-0.4534727395353849,0.06481664262673204,-0.03448126932467943,-0.5
SPY_QQQ_50_50,0.4,0.6,0.25,NONE,0.16086608103706346,-0.5198541154793933,0.30944466196774795,60.26421188363001,1381,-0.3200190732202398,-0.37235623478043356,-0.20318366178145986,-0.38028240072194364,0.32091953816164387,-0.050294328648558095,-0.2118808616722041,-0.3336815424272912,32.565944464750885,-0.5198541154793933,60.26421188363001,0.23650454933342235,-0.5198541154793933,0.931828433841986,0.40232184181386926,0.020833774307229533,0,0.25,0.25,0.07026262620298396,-0.3084567519723044,0.0906034548340795,-0.21139736350708893,-0.6
SPY_QQQ_50_50,0.4,0.6,0.25,NONE,0.16086608103706346,-0.5198541154793933,0.30944466196774795,60.26421188363001,1381,-0.3200190732202398,-0.37235623478043356,-0.20318366178145986,-0.38028240072194364,0.32091953816164387,-0.050294328648558095,-0.2118808616722041,-0.3336815424272912,32.565944464750885,-0.5198541154793933,60.26421188363001,0.23650454933342235,-0.5198541154793933,0.931828433841986,0.40232184181386926,0.020833774307229533,0,0.25,0.25,0.07026262620298396,-0.3084567519723044,0.0906034548340795,-0.21139736350708893,-0.55
SPY_QQQ_50_50,0.4,0.6,0.25,MILD,0.15368367809492312,-0.48781004001095585,0.31504820624739804,50.81559258394415,1381,-0.3200190732202398,-0.37235623478043356,-0.20318366178145986,-0.38028240072194364,0.3252150728545209,-0.051364846646138385,-0.21276327065711154,-0.33611297627682657,27.303255038159726,-0.48781004001095585,50.81559258394415,0.22382922236107428,-0.48781004001095585,0.8686736937372381,0.3732076765274375,0.07010169923673165,3,0.25,0.25,0.07026262620298396,-0.3084567519723044,0.08342105189193916,-0.17935328803865147,-0.5
SPY_QQQ_50_50,0.4,0.6,0.25,BAL,0.1450368908930566,-0.3897403658895763,0.37213720616804,41.32569437317457,1381,-0.3200190732202398,-0.37235623478043356,-0.1532420194892975,-0.3292326413972684,0.3227219129570922,-0.05205163837828575,-0.1598187374944161,-0.28339873641402535,21.472288187745075,-0.3897403658895763,41.32569437317457,0.2068890154403349,-0.3897403658895763,0.8023635166627838,0.31479436173661196,0.10467359182912515,6,0.25,0.25,0.07026262620298396,-0.3084567519723044,0.07477426469007264,-0.0812836139172719,-0.45
SPY_QQQ_50_50,0.4,0.6,0.25,BAL,0.1450368908930566,-0.3897403658895763,0.37213720616804,41.32569437317457,1381,-0.3200190732202398,-0.37235623478043356,-0.1532420194892975,-0.3292326413972684,0.3227219129570922,-0.05205163837828575,-0.1598187374944161,-0.28339873641402535,21.472288187745075,-0.3897403658895763,41.32569437317457,0.2068890154403349,-0.3897403658895763,0.8023635166627838,0.31479436173661196,0.10467359182912515,6,0.25,0.25,0.07026262620298396,-0.3084567519723044,0.07477426469007264,-0.0812836139172719,-0.4
SPY_QQQ_50_50,0.6,0.4,0.25,NONE,0.15975977853846413,-0.5129744117491414,0.31143810466825206,58.70587594222253,2430,-0.4492985917309591,-0.5034541885822937,-0.25080714614686617,-0.44526895147527334,0.3335978306183476,-0.055962723615440746,-0.21445133602573985,-0.3407642696171136,34.586626604775546,-0.5129744117491414,58.70587594222253,0.2408796821639443,-0.5129744117491414,0.9073334263125545,0.3857481954414531,0.014111743496377002,0,0.25,0.25,0.08248368997090672,-0.45745900373246606,0.07727608856755741,-0.055515408016675316,-0.6
SPY_QQQ_50_50,0.6,0.4,0.25,NONE,0.15975977853846413,-0.5129744117491414,0.31143810466825206,58.70587594222253,2430,-0.4492985917309591,-0.5034541885822937,-0.25080714614686617,-0.44526895147527334,0.3335978306183476,-0.055962723615440746,-0.21445133602573985,-0.3407642696171136,34.586626604775546,-0.5129744117491414,58.70587594222253,0.2408796821639443,-0.5129744117491414,0.9073334263125545,0.3857481954414531,0.014111743496377002,0,0.25,0.25,0.08248368997090672,-0.45745900373246606,0.07727608856755741,-0.055515408016675316,-0.55
SPY_QQQ_50_50,0.6,0.4,0.2,MILD,0.14275412042334645,-0.4894854419467105,0.2916411974493163,39.12062250021614,2585,-0.4379524997036083,-0.4894854419467105,-0.2432411377981294,-0.42615846766208987,0.28616850039186525,-0.07525481157551084,-0.19321491932589552,-0.315923438020548,24.358262811570633,-0.4535960099730342,39.12062250021614,0.2157316868451411,-0.4535960099730342,0.7838578982483223,0.32190373998356897,0.08240644701152483,2,0.19999999999999998,0.2,0.08248368997090672,-0.45745900373246606,0.06027043045243974,-0.032026438214244446,-0.5
SPY_QQQ_50_50,0.8,0.19999999999999996,0.15,NONE,0.1337433184839496,-0.5988768592520536,0.22332357047654783,31.472854226271565,2752,-0.5398812414464383,-0.5988768592520536,-0.2917799670031366,-0.4870689376595624,0.2524204274454387,-0.11585322754937932,-0.17281430767489048,-0.2990305261958326,22.76380702139971,-0.4768366695363069,31.472854226271565,0.2109707831909271,-0.4768366695363069,0.8001767437383803,0.26987332876609843,0.0,0,0.14978388721024757,0.14870332326148528,0.0918784001274886,-0.582391445694518,0.041864918356461,-0.016485413557535633,-0.6
