horizon_y,age_bucket,policy,n_month_starts,n_distinct_campaigns,CAGR_Median,CAGR_P10,MDD_Median,MDD_Worst,Final_Median,WinRate_vs_Wait,CAGR_Diff_vs_Wait_Median,CAGR_Diff_vs_Wait_P10,EntryRate
3,1009_plus,IMM100,82,2,0.2901671134330769,0.13640734835814244,-0.5475367824704787,-0.5643134086518345,2.144934636268323,0.5853658536585366,0.1794045801311469,-0.22210807514688036,1.0
3,1009_plus,IMM25,82,2,0.14288062264160728,0.0654220792023246,-0.24657043966996667,-0.430919275785555,1.4926957360682107,0.5853658536585366,0.05068197784870365,-0.048890249259695165,1.0
3,1009_plus,IMM50,82,2,0.24680724848103108,0.11177409601921169,-0.35375006727834124,-0.4552585205656623,1.9385171624689788,0.5853658536585366,0.09696425739945358,-0.1016036390688863,1.0
3,1009_plus,PB10_100,82,2,0.24127347418937506,-0.08001523822302929,-0.4496298463640214,-0.5637273396039282,1.9116782291589511,0.4024390243902439,-0.09530041745051154,-0.15535726783869785,0.9878048780487805
3,1009_plus,PB10_50,82,2,0.23617763729474206,-0.02994320342861163,-0.3388111145970093,-0.4644517489913911,1.889963996890128,0.4024390243902439,-0.045330901282657876,-0.07349728834702333,0.9878048780487805
3,1009_plus,PB15_100,82,2,0.30791441335483416,-0.051368358629591306,-0.22890013841670453,-0.4309192757855549,2.2361770992752237,0.4146341463414634,-0.061413273278336344,-0.09088009149018512,0.975609756097561
3,1009_plus,PB15_50,82,2,0.2841145908991455,-0.017074373155618994,-0.14723087963306442,-0.4309192757855549,2.1171104748368994,0.4146341463414634,-0.030016467280598147,-0.043932347519983136,0.975609756097561
3,1009_plus,PB5_100,82,2,0.3025436919843403,-0.10866374120810443,-0.4802009082847802,-0.5643134086518347,2.210357789263348,0.47560975609756095,-0.07363421116601587,-0.2268082749068838,1.0
3,1009_plus,PB5_50,82,2,0.257157695711807,-0.04195015652384958,-0.3286684378026883,-0.4644517489913911,1.9854906523189713,0.47560975609756095,-0.03590158926676579,-0.10348201195964579,1.0
3,1009_plus,WAIT_NEXT,82,2,0.015207520803849017,0.0012286699769291198,0.0,-0.430919275785555,1.0462460617790437,0.0,0.0,0.0,0.0
3,505_756,IMM100,26,2,0.24504385167865206,-0.010232666661761092,-0.46364188783531746,-0.5643134086518345,2.000232380854241,0.6538461538461539,0.2240876764312726,-0.049436166714582896,1.0
3,505_756,IMM25,26,2,0.09028119366756038,0.02637199206503449,-0.14523433058447377,-0.23925765188519976,1.2992487087359803,0.6538461538461539,0.0693250184201809,-0.011923016168996048,1.0
3,505_756,IMM50,26,2,0.1484723729744889,0.014740527421449823,-0.23838627702374432,-0.3899302736847944,1.5330657328914459,0.6538461538461539,0.12751619772710943,-0.024129126780668142,1.0
3,505_756,PB10_100,26,2,0.4274435077629144,0.04828840021251524,-0.40377728078088104,-0.5643134086518345,3.055779629944259,1.0,0.4065394285450573,0.00973299699666641,1.0
3,505_756,PB10_50,26,2,0.2628185108733162,0.04344174256626265,-0.25709065341085346,-0.3791548637628275,2.060986877346517,1.0,0.24191443165545912,0.0048916253941224674,1.0
3,505_756,PB15_100,26,2,0.1297148101966754,0.0004912405806856146,-0.3193847267716763,-0.5643134086518344,1.4412152217195924,0.6538461538461539,0.09045564830755926,0.0,0.6538461538461539
3,505_756,PB15_50,26,2,0.08634807941650191,0.0004912405806856146,-0.22568273323619853,-0.40584547926178016,1.2817006181810597,0.6538461538461539,0.04713337494318992,0.0,0.6538461538461539
3,505_756,PB5_100,26,2,0.3072521821599613,0.026924994284005965,-0.46364188783531746,-0.5643134086518345,2.313682616812211,0.6923076923076923,0.2863463578994757,-0.012715262031576913,1.0
3,505_756,PB5_50,26,2,0.18581878826751752,0.03330806701820621,-0.25895188341129566,-0.39462943653808213,1.689756143420694,0.6923076923076923,0.16491296400703193,-0.006321760395892273,1.0
3,505_756,WAIT_NEXT,26,2,0.018357647350278783,0.0004912405806856146,0.0,0.0,1.0570795639237904,0.0,0.0,0.0,0.0
3,757_1008,IMM100,24,2,0.38330765741742534,-0.04544081301924796,-0.5048412675972811,-0.5643134086518344,2.6535496615221312,0.625,0.2606833499049396,-0.08803802773058611,1.0
3,757_1008,IMM25,24,2,0.1863853145540132,0.019066929171734318,-0.2170629851519681,-0.26556834410230246,1.6702100120873942,0.625,0.08185604722941209,-0.020620405280897324,1.0
3,757_1008,IMM50,24,2,0.2803440282668863,-0.0015297847445605662,-0.34113160785776464,-0.4020836033183377,2.099285299300022,0.625,0.14950359335035934,-0.04210694088965089,1.0
3,757_1008,PB10_100,24,2,0.11083815997260305,0.02203001382535222,-0.4581510712088591,-0.5643134086518345,1.370723010281131,0.7083333333333334,0.033516359619492286,-0.13112412936184045,1.0
3,757_1008,PB10_50,24,2,0.1506410825632264,0.029185300031463274,-0.2635223103077432,-0.41225756489019383,1.5252602426245871,0.7083333333333334,0.017087067826822788,-0.062034088075679714,1.0
3,757_1008,PB15_100,24,2,0.0986720673073953,0.00035670744302553905,-0.1420737377050184,-0.5643134086518344,1.326477292065204,0.2916666666666667,0.0,-0.05701409755663116,0.5833333333333334
3,757_1008,PB15_50,24,2,0.07842747297262098,0.00035670744302553905,-0.09775374951243626,-0.41225756489019394,1.2541952033876804,0.2916666666666667,0.0,-0.027866678470357086,0.5833333333333334
3,757_1008,PB5_100,24,2,0.36789649702270755,0.004772611478338544,-0.5048412675972811,-0.5643134086518345,2.5731018852044594,0.5833333333333334,0.25187540790094265,-0.05273913539594486,1.0
3,757_1008,PB5_50,24,2,0.2552128008394158,0.022093112741403423,-0.35766807993160127,-0.39977690852664194,1.9780133881127624,0.5833333333333334,0.14481307357300566,-0.02582775311579657,1.0
3,757_1008,WAIT_NEXT,24,2,0.0167506660255321,0.00035670744302553905,0.0,-0.19099267454029012,1.0518162400789404,0.0,0.0,0.0,0.0
5,1009_plus,IMM100,82,2,0.26622772779783255,0.14411842529764446,-0.5637273396039271,-0.5643134086518345,3.254714344487896,0.5853658536585366,0.10991680779979796,-0.11644070343940541,1.0
5,1009_plus,IMM25,82,2,0.24448979717737296,0.06891261197434104,-0.3700231030824622,-0.5614916416879039,2.9856000577530497,0.5853658536585366,0.03166202496109549,-0.02523895601252788,1.0
5,1009_plus,IMM50,82,2,0.2561041732992576,0.10759345689172972,-0.4534041237589121,-0.5614916416879038,3.125461294334958,0.5853658536585366,0.06014620354771982,-0.052722705963574736,1.0
5,1009_plus,PB10_100,82,2,0.21467839295313218,0.12480816042328575,-0.561491641687903,-0.5637273396039282,2.644150076972572,0.4024390243902439,-0.0685975629584652,-0.09300047792615815,0.9878048780487805
5,1009_plus,PB10_50,82,2,0.20031964751073505,0.10028179748374604,-0.44889651886607607,-0.5614916416879039,2.4901273032896274,0.4024390243902439,-0.03229190216538658,-0.043490999614679574,0.9878048780487805
5,1009_plus,PB15_100,82,2,0.247156688077799,0.14610580906495282,-0.524568880861692,-0.563727339603928,3.0134934878363513,0.4146341463414634,-0.038205715903200654,-0.05180520808584963,0.975609756097561
5,1009_plus,PB15_50,82,2,0.22497226229708311,0.13994276370347575,-0.4676996596199869,-0.5614916416879041,2.755958750267998,0.4146341463414634,-0.018585651597049724,-0.024868394503803293,0.975609756097561
5,1009_plus,PB5_100,82,2,0.2410746837872193,0.10288515263439998,-0.5637273396039265,-0.5643134086518347,2.944255388363721,0.47560975609756095,-0.04147439475625103,-0.12659758839420668,1.0
5,1009_plus,PB5_50,82,2,0.24720654305811218,0.13017621417040115,-0.45905737071614056,-0.5614916416879037,3.017424171849048,0.47560975609756095,-0.02011922218957063,-0.05662240796222551,1.0
5,1009_plus,WAIT_NEXT,82,2,0.19431189346776023,0.0064553901212762495,-0.35375006727834124,-0.5614916416879039,2.429177550242012,0.0,0.0,0.0,0.0
5,505_756,IMM100,26,2,0.3314199819525018,0.17836741139710988,-0.5048412675972811,-0.5643134086518345,4.181554089051189,0.5769230769230769,0.18105007392115002,-0.055056092992086136,1.0
5,505_756,IMM25,26,2,0.20338751552848366,0.14554373755682393,-0.3015810629527684,-0.430919275785555,2.5240935258270305,0.5769230769230769,0.06615133971294218,-0.01286728547215421,1.0
5,505_756,IMM50,26,2,0.266652140455663,0.19500930578758413,-0.3843253586126338,-0.430919275785555,3.2572981009993427,0.5769230769230769,0.11283547746119427,-0.026296736878971938,1.0
5,505_756,PB10_100,26,2,0.3723539204857439,0.22419880968275896,-0.5048412675972811,-0.5643134086518345,4.894258130512149,1.0,0.21176690566268852,0.006833072606685864,1.0
5,505_756,PB10_50,26,2,0.30833955819216563,0.22080310160205463,-0.39963082211844153,-0.430919275785555,3.8321326763427725,1.0,0.13685984186364508,0.0034373645259815344,1.0
5,505_756,PB15_100,26,2,0.290354600694511,0.11150056688739796,-0.5048412675972811,-0.5643134086518344,3.5767006984452427,1.0,0.08591356079608636,0.06251280023127925,1.0
5,505_756,PB15_50,26,2,0.2604320552982502,0.0619225568509959,-0.4035412948498725,-0.430919275785555,3.1808292246429146,1.0,0.046349668993753035,0.03283318843025462,1.0
5,505_756,PB5_100,26,2,0.3372881532932841,0.21077301960493156,-0.5048412675972811,-0.5643134086518345,4.28164526639743,0.6153846153846154,0.19454344479364538,-0.024823116837900616,1.0
5,505_756,PB5_50,26,2,0.27012878097063286,0.21326866315595816,-0.38642307391152747,-0.4309192757855549,3.3077353333836,0.6153846153846154,0.12173868511596053,-0.01216724955061299,1.0
5,505_756,WAIT_NEXT,26,2,0.09061699741133489,0.0006291630622897726,-0.09549633727014506,-0.4309192757855549,1.6468510624030779,0.0,0.0,0.0,0.0
5,757_1008,IMM100,24,2,0.45503175540864116,0.2938296012086375,-0.5048412675972811,-0.5643134086518344,6.523325227803262,0.625,0.26259374960932713,-0.06702590823219767,1.0
5,757_1008,IMM25,24,2,0.300392838202869,0.21737744656041097,-0.3633246452266257,-0.4391139408805492,3.722339235467685,0.625,0.10531654285058445,-0.015564804109202445,1.0
5,757_1008,IMM50,24,2,0.36507908307395553,0.3139894190566793,-0.40602726278592255,-0.4391139408805492,4.740998091946734,0.625,0.17108478073507394,-0.03187118989670294,1.0
5,757_1008,PB10_100,24,2,0.3382404240697001,0.2375131282682425,-0.46356613288303794,-0.5643134086518345,4.3207120240535755,0.75,0.15798301325640685,-0.08458589386709121,1.0
5,757_1008,PB10_50,24,2,0.35486933288283073,0.15804193770580663,-0.4048341233037702,-0.4391139408805492,4.560724514854192,0.75,0.09165911888857248,-0.03955635737343717,1.0
5,757_1008,PB15_100,24,2,0.3138449089314521,0.24800502128096952,-0.3582697699617078,-0.5643134086518344,3.908417429452083,0.7083333333333334,0.15557327904031937,-0.03718584993487271,1.0
5,757_1008,PB15_50,24,2,0.25428742223540024,0.15138354517933547,-0.334538415666527,-0.4391139408805492,3.106172696607944,0.7083333333333334,0.08985279058267581,-0.018089560407499962,1.0
5,757_1008,PB5_100,24,2,0.4614896605990507,0.3002773181180066,-0.5048412675972811,-0.5643134086518345,6.660250670083187,0.5833333333333334,0.265954460559339,-0.03331150876476483,1.0
5,757_1008,PB5_50,24,2,0.3701628957165939,0.317332789740712,-0.4048341233037702,-0.4391139408805492,4.82399266150838,0.5833333333333334,0.17429809372186023,-0.016243375899065216,1.0
5,757_1008,WAIT_NEXT,24,2,0.1447114505063697,0.0016854234384947153,-0.2154596378927774,-0.4391139408805492,2.26477193389807,0.0,0.0,0.0,0.0
